k,system,id,type,scope,in_scope,question,answer,kg_entities,latency_s,llm_calls,refusal,n_chunks,context_precision,context_ap,source_precision,retrieval_hit,gold_chunk_recall,context_recall,kg_relation_precision,n_claims,n_unsupported,faithfulness,hallucination,faithfulness_text,hallucination_text,answer_relevancy,answer_correctness
10,k10,q001,single,30,0,What is Shor's algorithm and how does it impact the security of current cryptographic systems?,"Shor's algorithm is a quantum algorithm developed by Peter Shor for finding prime factors of an integer, which can potentially break systems like RSA that rely on the difficulty of factoring large numbers. It impacts the security of current cryptographic systems by posing a threat from quantum computers, as NIST has declared most current encryption and digital signature schemes obsolete due to Shor's algorithm. However, practical attacks on standard cryptographic key sizes remain out of reach with today's platforms, indicating that the present state of quantum computing poses no immediate or near-term threat to modern cryptography.",8,27.17,1,0,4,0.75,1.0,0.0,0.0,0.0,0.5,0.4166666666666667,9,1,0.8888888888888888,1,0.5555555555555556,1,0.9037568677905425,1
10,k10,q005,single,30,0,Does Libsodium support any NIST PQC finalist algorithms as of its latest release in the 1.0.x series?,I cannot find the answer in the provided documents.,8,13.61,1,1,4,0.0,0.0,0.0,0.0,0.0,0.5,0.0,0,0,,0,,0,0.0,0
10,k10,q006,single,10,1,What type of QGAN was designed to generate classical image data using linear optical circuits and Fock-space encoding?,A photonic QGAN was designed to generate classical image data using linear optical circuits and Fock-space encoding.,8,12.63,1,0,4,0.5,0.8333333333333333,0.75,1.0,1.0,1.0,0.16666666666666666,4,0,1.0,0,1.0,0,0.8267189353953736,1
10,k10,q007,single,10,1,What is the role of the quantum feature map in QSVM?,"The quantum feature map in QSVM plays a crucial role by embedding input data into a quantum feature space using a quantum circuit. This process allows QSVM to compute kernel functions in a high-dimensional quantum space, enabling the assessment of similarity between data points and facilitating effective classification.",8,14.39,1,0,4,0.5,0.5833333333333333,1.0,1.0,1.0,0.8571428571428571,0.25,5,0,1.0,0,0.8,1,0.8210531491069819,1
10,k10,q011,single,30,0,Which conventional public key cryptography methods are described as susceptible to quantum risks in the survey of pre- versus post-quantum security for 5G-enabled IoT?,I cannot find the answer in the provided documents.,8,12.12,1,1,4,0.75,0.6388888888888888,0.0,0.0,0.0,0.0,0.0,0,0,,0,,0,0.0,0
10,k10,q015,single,10,1,"In side-channel attacks on Kyber with an imperfect plaintext-checking oracle, how much of the Kyber-512 secret key was recovered by applying the CPA attack twice, and with how many power traces?",The CPA attack was used twice to recover 60% of the secret key of Kyber-512 at the cost of about 1619 power traces.,8,15.48,1,0,4,0.75,1.0,0.75,1.0,1.0,1.0,0.08333333333333333,3,2,0.3333333333333333,1,1.0,0,0.7459284519047019,1
10,k10,q017,single,10,1,How are technology service providers using quantum resilience as a selling point?,"Technology service providers are using quantum-resilience as a selling point by integrating Post-Quantum Cryptography (PQC) into their products, such as certain VPN and secure communications products. For example, cloud companies like AWS, IBM, and Microsoft are releasing tools for experimenting with PQC in their platforms.",8,13.8,1,0,4,0.25,1.0,0.5,1.0,1.0,1.0,0.3333333333333333,4,0,1.0,0,1.0,0,0.7837424019996316,1
10,k10,q022,single,30,0,"What accuracy does the scalable quantum convolutional neural network (QCNN) achieve on MNIST, and with how many trainable parameters?",I cannot find the answer in the provided documents.,8,12.72,1,1,4,0.0,0.0,0.0,0.0,0.0,0.2,0.08333333333333333,0,0,,0,,0,0.0,0
10,k10,q044,single,30,0,"In the network-centric Harvest-Now, Decrypt-Later (HNDL) model, what information besides application data is included in harvested ciphertext?",I cannot find the answer in the provided documents.,8,12.16,1,1,4,0.5,0.41666666666666663,0.0,0.0,0.0,0.0,0.08333333333333333,0,0,,0,,0,0.0,0
10,k10,q049,single,10,1,"In CRYSTALS-Kyber, how is the shared key K derived during encapsulation?","In CRYSTALS-Kyber, the shared key K is derived during the encapsulation process as part of the Key Generation, Encapsulation, and Decapsulation mechanisms. This process allows two parties (Alice and Bob) to establish a shared symmetric key via two-way communication, ensuring secure key exchange.",8,14.72,1,0,4,0.25,0.5,0.5,1.0,0.0,0.42857142857142855,0.0,4,2,0.5,1,0.5,1,0.8692657383194559,1
10,k10,q057,single,20,0,How is the state of a qubit defined in terms of probability amplitudes?,"The state of a qubit is defined in terms of probability amplitudes such that the probability of measuring the qubit in state X=0 is given by \( p(X=0) = |⟨0|𝜓⟩|^2 \) and in state X=1 by \( p(X=1) = |⟨1|𝜓⟩|^2 \). These probabilities must sum to 1, i.e., \( p(X=0) + p(X=1) = 1 \). Noise can affect these probabilities, causing their sum to deviate from exactly 1.",8,17.62,1,0,4,0.75,0.6388888888888888,0.0,0.0,0.0,1.0,0.16666666666666666,7,0,1.0,0,1.0,0,0.8063700617943241,0
10,k10,q061,single,20,0,"What specific vulnerability was exploited in the July 2022 cryptanalytic breakthrough against SIDH/SIKE, and how was it carried out?",I cannot find the answer in the provided documents.,8,13.38,1,1,4,0.5,0.41666666666666663,0.0,0.0,0.0,0.3333333333333333,0.0,0,0,,0,,0,0.0,0
10,k10,q062,single,10,1,What technique can be used in a blockchain-IoT environment to obscure the information of the sender transferring coins?,Monero can be used to obscure the information of the sender transferring coins using ring signatures in a blockchain-IoT environment.,8,13.32,1,0,4,0.0,0.0,1.0,1.0,0.0,1.0,0.0,3,1,0.6666666666666666,1,0.6666666666666666,1,0.7452901501195406,1
10,k10,q063,single,10,1,What are the advantages and the main challenge of NV centers in diamond as a qubit technology?,"Advantages of NV centers in diamond as a qubit technology include long coherence times and the ability to operate at room temperature. Challenges include the difficulty of precise and reliable manufacturing, which hinders scaling to large, controllable registers.",8,13.61,1,0,4,0.25,1.0,0.75,1.0,1.0,1.0,0.16666666666666666,4,0,1.0,0,1.0,0,0.9272166065922608,1
10,k10,q064,single,10,1,"Which physical effect was exploited in a 2019 jamming attack against QKD, and what was its impact?","In a 2019 jamming attack against QKD, the Faraday effect was exploited. This attack, demonstrated by Daschner et al., increased the quantum bit-error rate (QBER) and halted key exchange by leveraging the rotation of photon polarization through an external magnetic field, effectively disrupting the BB84 QKD protocol.",8,16.31,1,0,4,0.5,1.0,1.0,1.0,1.0,1.0,0.4166666666666667,6,0,1.0,0,1.0,0,0.8337686574736193,1
10,k10,q065,single,20,0,"What scheme is proposed in 2022 for dynamically allocating key resources in QKD networks, and what technology is used to realize this scheme?",I cannot find the answer in the provided documents.,8,12.17,1,1,4,0.0,0.0,0.0,0.0,0.0,0.4,0.0,0,0,,0,,0,0.0,0
10,k10,q066,single,30,0,"How is the trojan gate attack on quantum circuit models for 6G resource allocation constructed, and why is it stealthy?",I cannot find the answer in the provided documents.,8,13.08,1,1,4,0.5,0.5833333333333333,0.0,0.0,0.0,0.5,0.0,0,0,,0,,0,0.0,0
10,k10,q067,single,20,0,"In the hybrid QNN and QSVM pipeline for real-time network traffic monitoring, what accuracies and alerting latency were achieved?",I cannot find the answer in the provided documents.,8,12.63,1,1,4,0.5,0.5833333333333333,0.0,0.0,0.0,0.25,0.0,0,0,,0,,0,0.0,0
10,k10,q068,single,20,0,Why is quantum key distribution (QKD) considered provably secure against eavesdropping?,"Quantum Key Distribution (QKD) is considered provably secure against eavesdropping because it leverages principles of quantum mechanics, such as the no-cloning theorem, which ensures that any eavesdropping attempt introduces detectable disturbances. This makes retrospective cryptanalysis impossible, and in real-time, an eavesdropper must attack the communication in progress.",8,14.73,1,0,4,0.75,0.6388888888888888,0.0,0.0,0.0,1.0,0.25,6,0,1.0,0,0.8333333333333334,1,0.8159642269964588,1
10,k10,q082,single,10,1,"Under the Harvest-Now, Decrypt-Later (HNDL) model, what is the status of encrypted data transmitted or stored today without quantum resistance?","Under the HNDL model, any encrypted dataset transmitted or stored today without quantum resistance is effectively ""pre-compromised."" Once decrypted in the future with a CRQC, these records could undermine national security, erode public trust, and violate data protection regulations.",8,14.75,1,0,4,0.75,0.8055555555555555,0.75,1.0,1.0,0.8,0.4166666666666667,4,0,1.0,0,1.0,0,0.7012682303930037,1
10,k10,q092,single,30,0,"When should organizations begin post-quantum cryptography migration, and why is waiting for Q-Day an error?","Organizations should begin post-quantum cryptography migration before Q-Day, as waiting risks becoming technologically obsolete and vulnerable to quantum attacks. Q-Day estimates when quantum computers capable of breaking encryption might realistically materialize, making it a critical deadline for migration to avoid technical debt.",8,13.93,1,0,4,0.5,0.5833333333333333,0.0,0.0,0.0,0.2857142857142857,0.0,5,2,0.6,1,0.6,1,0.9039816829313323,1
10,k10,s001,single,10,1,"In variational quantum circuits, what name is given in quantum simulation to the approach that uses parametrized random circuits of varying depth?",I cannot find the answer in the provided documents.,8,12.17,1,1,4,0.25,0.5,0.0,0.0,0.0,0.5,0.08333333333333333,0,0,,0,,0,0.0,0
10,k10,s002,single,20,0,"Which states are used in the Vacuum+Weak decoy-state method for quantum key distribution, and what do Alice and Bob gain by measuring the decoy states?",I cannot find the answer in the provided documents.,8,13.03,1,1,4,0.0,0.0,0.0,0.0,0.0,0.5,0.0,0,0,,0,,0,0.0,0
10,k10,s004,single,20,0,"In Shor's quantum algorithm for discrete logarithms, with what probability is each good (c, d) pair generated, and what fraction of the possible c values belong to a good pair?",I cannot find the answer in the provided documents.,8,13.04,1,1,4,0.0,0.0,0.0,0.0,0.0,0.0,0.0,0,0,,0,,0,0.0,0
10,k10,s005,single,20,0,"Why is it difficult to foresee the future applications of quantum computing, and what recent industry trend surprised many quantum researchers in academia?",I cannot find the answer in the provided documents.,8,11.0,1,1,4,0.5,0.41666666666666663,0.0,0.0,0.0,0.5,0.08333333333333333,0,0,,0,,0,0.0,0
10,k10,s006,single,30,0,"In quantum public key distribution with polarized photons (BB84), how do Alice and Bob test for eavesdropping, and how are the remaining bits used?","In the BB84 protocol, Alice and Bob test for eavesdropping through a process called sifting. They discard qubits where Alice and Bob used different bases for measurement. The remaining qubits are used to establish a secret key. They also perform privacy amplification to remove any information an eavesdropper might have gained.",8,16.68,1,0,4,0.25,0.5,0.0,0.0,0.0,0.8,0.16666666666666666,4,0,1.0,0,0.75,1,0.7341254700334822,1
10,k10,s007,single,30,0,"How do local parameter-update optimizers for variational quantum algorithms work, and what has been proposed to speed up their convergence?",I cannot find the answer in the provided documents.,8,11.21,1,1,4,0.0,0.0,0.0,0.0,0.0,0.6666666666666666,0.0,0,0,,0,,0,0.0,0
10,k10,m001,multihop,10,1,"How do concerns about harvest-now-decrypt-later (HNDL) attacks differ between security professionals and profit-motivated cybercriminals, and which kinds of data are considered prime targets for HNDL?","Concerns about HNDL attacks are similar between security professionals and cybercriminals, focusing on the interception and storage of long-lived data for future decryption. However, security professionals are more concerned about the broader implications for national security and data integrity, while cybercriminals are primarily interested in financial data. Prime targets for HNDL include medical records, classified communications, intellectual property, and blockchain transactions due to their long confidentiality lifespans.",8,15.36,1,0,4,1.0,1.0,1.0,1.0,0.0,0.4444444444444444,0.5833333333333334,8,2,0.75,1,0.75,1,0.8296359553099073,0
10,k10,m003,multihop,20,0,"What role does Quantum Random Number Generation (QRNG) play in quantum key distribution (QKD), and how far has QKD technology progressed toward real-world deployment?","Quantum Random Number Generators (QRNGs) provide truly unpredictable keys, which are integrated with Quantum Key Distribution (QKD) to bolster cryptographic systems. QKD technology has progressed from laboratory experiments to early commercial deployments, with real-world QKD networks demonstrated in financial institutions in Europe and Asia.",8,13.76,1,0,4,0.75,0.9166666666666666,1.0,0.0,0.5,1.0,0.4166666666666667,4,1,0.75,1,0.75,1,0.8283477132520223,1
10,k10,m005,multihop,30,0,"What is the status of CRYSTALS-Dilithium support in cryptographic libraries such as OpenSSL and Botan, and which industry players have adopted Dilithium?",I cannot find the answer in the provided documents.,8,13.42,1,1,4,0.5,0.5833333333333333,0.0,0.0,0.0,0.5,0.25,0,0,,0,,0,0.0,0
10,k10,m027,multihop,10,1,"When do experts expect cryptographically relevant quantum computers (CRQCs) able to break 2048-bit RSA, and what post-quantum algorithms has NIST standardized in response?","Experts expect CRQCs capable of breaking 2048-bit RSA to develop by the 2030s, according to the RAND Corporation. In response, NIST has standardized a set of post-quantum algorithms for which it selected its first cohort in July 2022.",8,16.29,1,0,4,0.5,0.41666666666666663,1.0,1.0,0.0,0.42857142857142855,0.5833333333333334,5,2,0.6,1,0.2,1,0.8210855314303807,1
10,k10,m037,multihop,20,0,How do Quantum Gaussian Mixture Models (QGMMs) and Quantum Boltzmann Machines (QBMs) differ in how they represent probability distributions?,I cannot find the answer in the provided documents.,8,14.05,1,1,4,0.25,0.5,0.75,0.0,0.5,0.75,0.4166666666666667,0,0,,0,,0,0.0,0
10,k10,m043,multihop,30,0,"How has hybrid post-quantum key agreement been deployed in Chrome, and how do hybrid PQC deployments keep backward compatibility with parties that do not support it?",I cannot find the answer in the provided documents.,8,12.73,1,1,4,0.0,0.0,0.0,0.0,0.0,0.5454545454545454,0.0,0,0,,0,,0,0.0,0
10,k10,m046,multihop,20,0,What applications of Quantum Neural Networks (QNNs) do quantum machine learning surveys highlight in healthcare and in cybersecurity?,I cannot find the answer in the provided documents.,8,12.65,1,1,4,0.5,0.41666666666666663,0.0,0.0,0.0,0.3333333333333333,0.16666666666666666,0,0,,0,,0,0.0,0
10,k10,m064,multihop,30,0,"Why do large post-quantum keys and signatures cause problems for 5G network slices and handovers, and how large is the handshake overhead of hash-based signature schemes?",I cannot find the answer in the provided documents.,8,13.27,1,1,4,0.5,0.41666666666666663,0.0,0.0,0.0,0.75,0.0,0,0,,0,,0,0.0,0
10,k10,m068,multihop,20,0,How does the Module-LWE problem underlying ML-KEM and ML-DSA relate to the basic Learning With Errors (LWE) problem in lattice-based cryptography?,"The Module-LWE problem is a variation of the LWE problem, which forms the basis of lattice-based cryptography. Specifically, the security of CRYSTALS-Kyber, which is standardized as ML-KEM, is based on the difficulty of solving the Module-LWE problem. This problem introduces unknown noise into linear equations, similar to LWE, but with additional structure that makes it a variation suitable for certain cryptographic applications.",8,17.09,1,0,4,0.5,0.41666666666666663,0.0,0.0,0.0,0.6666666666666666,0.6666666666666666,8,5,0.375,1,0.375,1,0.7292071280099951,1
10,k10,g001,multihop,30,0,"Why does Shor's algorithm threaten RSA and elliptic-curve cryptography while Grover's algorithm can be countered by larger symmetric keys, and how many noisy qubits do theoretical estimates say are needed to break 2048-bit RSA?","Shor's algorithm threatens RSA and elliptic-curve cryptography because it can efficiently solve the integer factorization and discrete logarithm problems on which these systems depend. Grover's algorithm, on the other hand, can speed up the search for a key in symmetric encryption, but doubling key lengths can counter this threat. Theoretical estimates suggest that breaking 2048-bit RSA using Shor's algorithm would require fewer than a million noisy qubits.",8,17.62,1,0,4,0.75,0.8055555555555555,0.25,0.0,0.5,0.45454545454545453,0.5,6,2,0.6666666666666666,1,0.6666666666666666,1,0.8076975309655067,1
10,k10,g002,multihop,30,0,"How does Kyber compare with RSA in key exchange speed in practical deployment tests, and on which hard problem is Kyber's security based?","Kyber's security is based on the hardness of lattice problems. In practical deployment tests, Kyber compares favorably with RSA in key exchange speed, as research has shown Kyber to be more efficient in terms of CPU usage for key generation, encapsulation, and decapsulation tasks.",8,15.38,1,0,4,0.75,0.6388888888888888,0.0,0.0,0.0,0.625,0.4166666666666667,5,4,0.2,1,0.8,1,0.7827918873078102,1
10,k10,g003,multihop,30,0,"Why do Smart City and IoVT applications need 5G unlike traditional IoT applications, and what security consequences does the predicted growth of IoT devices have?","Smart cities and IoVT applications require 5G for faster speeds and lower latency, which is crucial for seamless communication and real-time data processing. The predicted growth of IoT devices poses numerous security risks, as these devices are common targets for adversaries, potentially compromising data security and user privacy or causing network disruptions.",8,14.75,1,0,4,0.5,0.75,1.0,0.0,0.5,0.875,0.08333333333333333,6,1,0.8333333333333334,1,1.0,0,0.764124014684222,1
10,k10,g005,multihop,20,0,"What problem with encoding classical data into quantum states does the data re-uploading strategy address, and what accuracy did a hybrid model with quantum-enhanced embeddings achieve for botnet detection?","The data re-uploading strategy addresses the issue of efficiently encoding classical data into quantum states, improving upon traditional methods like amplitude encoding. However, the text does not mention any accuracy achieved by a hybrid model with quantum-enhanced embeddings for botnet detection.",8,13.81,1,0,4,0.5,0.8333333333333333,0.25,0.0,0.5,0.6,0.16666666666666666,3,0,1.0,0,1.0,0,0.0,1
10,k10,g007,multihop,30,0,"Why are multivariate quadratic (MQ) cryptographic schemes considered quantum-resistant, what are they mainly used for, and what property makes a multivariate signature scheme suitable for authenticating edge nodes?","Multivariate quadratic (MQ) cryptographic schemes are considered quantum-resistant because solving systems of multivariate quadratic equations in finite fields is believed to be intractable for quantum computers, making them resistant to quantum attacks. They are mainly used for public key encryption and digital signatures. A multivariate signature scheme is suitable for authenticating edge nodes due to its ability to efficiently handle large volumes of data and its resilience to quantum computing threats, which is crucial for resource-constrained IoT devices.",8,15.61,1,0,4,0.25,0.3333333333333333,0.0,0.0,0.0,0.125,0.4166666666666667,8,6,0.25,1,0.25,1,0.8826895459562162,1
10,k10,g011,multihop,20,0,"How many side-channel leakage points have been reported in Kyber's decryption procedure, and how did researchers use machine learning in a side-channel attack on a Kyber implementation?","One critical side-channel leakage point has been reported in Kyber's decryption procedure, occurring during the PWM of ˆs ◦ˆu. Researchers used machine learning techniques to extract encryption keys from Kyber implementations, as mentioned in the text passages.",8,14.93,1,0,4,0.5,1.0,0.75,0.0,0.0,0.6,0.75,3,0,1.0,0,1.0,0,0.8386500973706811,0
10,k10,g015,multihop,10,1,"How do Kyber's public key and Dilithium's signature sizes compare with classical ECC, and are these post-quantum schemes considered feasible and efficient enough for IoT and mainstream applications?","Kyber and Dilithium are lattice-based cryptographic systems, which are generally considered more efficient and feasible for IoT and mainstream applications due to their lower memory requirements compared to ECC. While Dilithium signatures are much larger than ECDSA signatures but smaller than some alternatives like McEliece, Kyber's public key size is noted to be smaller than SPHINCS+ and comparable to other lattice-based cryptographic systems. These post-quantum schemes are deemed suitable for IoT and mainstream applications due to their efficiency and lower cryptographic overhead.",8,18.4,1,0,4,0.5,0.41666666666666663,0.75,0.0,0.0,0.2,0.5833333333333334,8,6,0.25,1,0.125,1,0.8169349657945677,1
10,k10,g016,multihop,20,0,"How does quantum secure direct communication (QSDC) differ from quantum key distribution (QKD), and which intercity networks illustrate the development of practical QKD networks?","Quantum Secure Direct Communication (QSDC) involves sharing messages directly without the need to establish secret keys, whereas Quantum Key Distribution (QKD) focuses on securely exchanging encryption keys. Intercity networks like the DARPA network, Trieste network, and Tokyo network illustrate the development of practical QKD networks.",8,14.38,1,0,4,0.5,0.5833333333333333,0.25,0.0,0.5,0.5714285714285714,0.16666666666666666,5,1,0.8,1,0.8,1,0.8991724353719087,1
10,k10,g019,multihop,20,0,"Why must the key storages of a QKD network be kept synchronized, and why does QKD still depend on classical cryptography in practice?",I cannot find the answer in the provided documents.,8,13.01,1,1,4,0.75,0.6388888888888888,1.0,0.0,0.5,0.8888888888888888,0.4166666666666667,0,0,,0,,0,0.0,0
10,k10,g021,multihop,20,0,"How many power traces does the improved two-step side-channel attack need to recover Kyber's secret key, and what hardware efficiency cost does the hardware-friendly shuffling countermeasure for Kyber have?","The improved two-step side-channel attack requires a total of [660, 900] power traces to recover Kyber's secret key. Shuffling, as a countermeasure for Kyber, introduces zero clock cycle overhead and higher resilience to repetition assaults, making it hardware-friendly with no significant hardware efficiency cost.",8,16.3,1,0,4,0.5,0.5,0.5,0.0,0.0,0.42857142857142855,0.25,6,5,0.16666666666666666,1,0.3333333333333333,1,0.8247578123053027,0
10,k10,g026,multihop,30,0,"How does higher-order masking, used to protect Kyber implementations against side-channel attacks, split a sensitive variable into shares, and how does threshold secret sharing split a secret among participants?","Higher-order masking splits a sensitive variable into many partially randomized shares to hide the underlying arithmetic behavior of cryptographic algorithms. Threshold secret sharing partitions a secret into N shares that can only be decrypted in the presence of k keys, enhancing security by distributing the secret across different entities.",8,14.77,1,0,4,0.25,1.0,1.0,0.0,0.0,0.9090909090909091,0.16666666666666666,6,4,0.3333333333333333,1,0.3333333333333333,1,0.7671546396839247,1
10,k10,g027,multihop,10,1,"How do the best reported quantum gate error rates compare with those of classical transistors, and what limitations did a quantum error correction demonstration with a Toffoli gate on superconducting qubits have?","The best reported quantum gate error rates are significantly higher than those of classical transistors. For instance, the best single-qubit operations have error rates around 10−7, while two-qubit gates are at the 10−5 range, compared to modern digital transistors with error rates as low as 10−23. A demonstration of quantum error correction with a Toffoli gate on superconducting qubits had limitations, including implementation constraints due to superconducting qubit coherence times and the gate fidelity not being sufficient for large-scale fault-tolerant quantum computing.",8,17.77,1,0,4,0.5,0.8333333333333333,1.0,1.0,1.0,0.7857142857142857,0.0,7,1,0.8571428571428571,1,0.8571428571428571,1,0.8187489558539042,1
10,k10,g028,multihop,30,0,"What is the status of Kyber and Dilithium support in the MbedTLS and Crypto++ libraries, and why are Kyber and Dilithium considered suitable for general-purpose deployment?",I cannot find the answer in the provided documents.,8,13.57,1,1,4,0.5,0.5,0.0,0.0,0.0,0.42857142857142855,0.3333333333333333,0,0,,0,,0,0.0,0
10,k10,g030,multihop,30,0,"What is the primary threat-actor behavior before Q-Day, and why does the 'Cryptographic Time Paradox' make this behavior dangerous?","The primary threat-actor behavior before Q-Day is the ""Store/Harvest Now, Decrypt Later"" (HNDL) approach. This behavior is dangerous because it exploits the uncertainty surrounding Q-Day, allowing threat actors to collect and store encrypted data with the intention of decrypting it once quantum computers become capable of breaking encryption, thus creating a ""Cryptographic Time Paradox"" where data remains secure until it suddenly isn't.",8,14.75,1,0,4,0.5,0.8333333333333333,1.0,0.0,0.5,0.5714285714285714,0.4166666666666667,6,4,0.3333333333333333,1,0.5,1,0.7907989300288265,1
10,k10,g034,multihop,20,0,"How does the security basis of quantum cryptography differ from traditional encryption, what are the two main categories of QKD protocols, and what practical requirement distinguishes QKD from traditional key agreement?","The security basis of quantum cryptography, particularly QKD, differs from traditional encryption by offering information-theoretic security, whereas traditional methods rely on computational complexity. QKD protocols are mainly categorized into two types: three-state QKD protocol and three-stage multi-photon QKD protocol. A practical requirement distinguishing QKD from traditional key agreement is that QKD can detect eavesdropping on the quantum channel, ensuring secure key transmission.",8,15.23,1,0,4,0.5,0.5,0.0,0.0,0.0,0.7777777777777778,0.25,8,1,0.875,1,0.5,1,0.8351230009041005,1
10,k10,g035,multihop,20,0,"Which quantum mechanisms allow Shor's algorithm to factor large integers efficiently, and why does this threaten RSA?","Shor's algorithm efficiently factors large integers by leveraging quantum parallelism and the Quantum Fourier Transform. This quantum mechanism allows it to solve the integer factorization problem in polynomial time, whereas classical algorithms require exponential time. This capability threatens RSA because the security of RSA relies on the difficulty of integer factorization for large numbers, which becomes tractable with Shor's algorithm on a sufficiently powerful quantum computer.",8,16.63,1,0,4,0.75,0.6388888888888888,0.25,0.0,0.0,0.6666666666666666,0.4166666666666667,6,0,1.0,0,0.8333333333333334,1,0.825855204505264,1
10,k10,g037,multihop,30,0,"What does the security of SPHINCS+ (SLH-DSA) rely on compared with the other algorithms NIST selected, how does it achieve stateless operation, and which FIPS standards correspond to Kyber, Dilithium and SPHINCS+?","The security of SPHINCS+ relies on minimal security assumptions and a stateless hash-based approach. It achieves stateless operation by not requiring the signer to maintain any state between signatures. NIST standardized SPHINCS+ as SLH-DSA. For Kyber, Dilithium, and SPHINCS+, the corresponding FIPS standards are FIPS 186-5 for Dilithium and SPHINCS+, and FIPS 206 for Kyber.",8,17.34,1,0,4,0.5,0.5833333333333333,0.0,0.0,0.0,0.4444444444444444,0.4166666666666667,7,4,0.42857142857142855,1,0.42857142857142855,1,0.7830362903964122,0
10,k10,g039,multihop,20,0,"On what is the security of quantum key distribution (QKD) based, why are practical QKD experiments with attenuated lasers potentially insecure, and how can quantum machine learning help detect eavesdroppers?","The security of QKD is based on the principles of quantum mechanics, offering unconditional security. Practical QKD experiments with attenuated lasers can be insecure because they may not fully simulate the idealized conditions required for theoretical security proofs, making them vulnerable to advanced side-channel attacks. Quantum machine learning can help detect eavesdroppers by analyzing anomalies and statistically indistinguishable attacks, providing more sophisticated event detection for QKD systems.",8,15.62,1,0,4,0.75,0.8055555555555555,0.0,0.0,0.0,0.5714285714285714,0.5,7,2,0.7142857142857143,1,0.8571428571428571,1,0.7621401272108512,1
10,k10,g040,multihop,30,0,"What speed-up does an FPGA accelerator with an optimized Number Theoretic Transform (NTT) achieve for Kyber, and why is polynomial multiplication in Kyber computed in the NTT domain?","An FPGA accelerator with an optimized Number Theoretic Transform (NTT) has shown significant speedups for Kyber implementations, up to 26 times for NTT operations and up to 140 times for matrix-vector multiplication. Polynomial multiplication in Kyber is computed in the NTT domain to reduce computational complexity from O(N^2) to O(N log N), significantly improving the speed of the entire encryption and decryption process.",8,17.59,1,0,4,0.5,1.0,0.5,0.0,0.5,0.5714285714285714,0.3333333333333333,6,0,1.0,0,1.0,0,0.9145497652216288,1
10,k10,g042,multihop,10,1,"How do quantum generative adversarial networks (QGANs) work, and how does EQGAN improve their training?","Quantum generative adversarial networks (QGANs) work by integrating quantum circuits as generators and classical neural networks as discriminators, leveraging the unique properties of qubits for enhanced generative modeling. EQGAN improves QGAN training by incorporating evolutionary strategies as mutation operations, leading to faster and more stable training compared to traditional approaches.",8,13.93,1,0,4,0.25,0.25,1.0,0.0,0.5,0.8181818181818182,0.08333333333333333,4,0,1.0,0,0.75,1,0.8320250953654398,1
10,k10,g043,multihop,20,0,"What reasons suggest that quantum computers can outperform classical computers, and what role does the precision of quantum state manipulation play?","Quantum computers can outperform classical computers due to qubits existing in superpositions of states, allowing them to perform multiple calculations simultaneously. The precision in manipulating quantum states is crucial as it directly affects the coherence times and gate fidelities of quantum computers, which are key factors in their ability to outperform classical counterparts.",8,13.8,1,0,4,0.75,1.0,0.0,0.0,0.0,0.6666666666666666,0.5833333333333334,5,3,0.4,1,0.6,1,0.8327750368277941,1
10,k10,g044,multihop,30,0,"Why are variational quantum algorithms (VQAs) considered the leading strategy for NISQ devices, which constraints must they account for, and why does improving gate accuracy matter for near-term platforms?","Variational quantum algorithms (VQAs) are considered the leading strategy for NISQ devices because they are particularly well-suited to the hardware limitations of near-term quantum processors with hardware constraints. NISQ devices must account for constraints such as noise and limited qubit coherence times. Improving gate accuracy is crucial for near-term platforms because it directly affects the reliability and performance of VQAs, enabling more effective execution on these devices despite their limitations.",8,14.95,1,0,4,0.5,0.5,0.0,0.0,0.0,0.5,0.25,7,1,0.8571428571428571,1,0.8571428571428571,1,0.841508257805265,1
10,k10,g045,multihop,30,0,"What error rate does an eavesdropper who measures and resends all photons in the rectilinear basis induce in BB84, and which two sources contribute to detection events in decoy-state QKD?",I cannot find the answer in the provided documents.,8,13.09,1,1,4,0.5,0.5833333333333333,0.0,0.0,0.0,0.8333333333333334,0.08333333333333333,0,0,,0,,0,0.0,0
10,k10,g046,multihop,30,0,"How has research on quantum machine learning for quantum key distribution evolved, and what risk do QML-based applications themselves face in 6G networks?",I cannot find the answer in the provided documents.,8,11.49,1,1,4,0.0,0.0,0.0,0.0,0.0,0.4,0.16666666666666666,0,0,,0,,0,0.0,0
10,k10,g048,multihop,20,0,"How are variational quantum classifiers (VQCs) used for cyberattack detection, and why are variational quantum circuits the most common architecture for QGANs?",I cannot find the answer in the provided documents.,8,12.69,1,1,4,0.25,0.25,0.75,0.0,0.0,0.5,0.08333333333333333,0,0,,0,,0,0.0,0
10,k10,g050,multihop,30,0,"How are the generator and discriminator of quantum GANs trained, and how are the gradients obtained?","In QGANs, the generator and discriminator are trained through an adversarial process similar to classical GANs. Gradients are typically estimated using the parameter-shift rule or stochastic approximation, and optimization is performed via classical algorithms.",8,14.55,1,0,4,0.75,0.6388888888888888,0.5,0.0,0.5,0.875,0.6666666666666666,5,1,0.8,1,1.0,0,0.7762022879716032,1
10,k10,u001,unanswerable,0,0,Which company acquired the deception technology vendor Illusive Networks in 2022?,I cannot find the answer in the provided documents.,8,12.09,1,1,4,,,,,,,,0,0,,0,,0,0.0,1
10,k10,u002,unanswerable,0,0,Which Suricata rule keyword is used to match the TLS Server Name Indication (SNI) field?,I cannot find the answer in the provided documents.,8,12.9,1,1,4,,,,,,,,0,0,,0,,0,0.0,1
10,k10,u003,unanswerable,0,0,What packet-processing throughput did Facebook's Katran XDP-based layer-4 load balancer achieve?,I cannot find the answer in the provided documents.,8,12.65,1,1,4,,,,,,,,0,0,,0,,0,0.0,1
10,k10,u004,unanswerable,0,0,How many qubits does Google's Willow quantum processor have?,I cannot find the answer in the provided documents.,8,12.18,1,1,4,,,,,,,,0,0,,0,,0,0.0,1
10,k10,u006,unanswerable,0,0,How many artificial neurons does Intel's Hala Point neuromorphic system contain?,I cannot find the answer in the provided documents.,8,12.19,1,1,4,,,,,,,,0,0,,0,,0,0.0,1
10,k10,u007,unanswerable,0,0,What bit-width does the KIVI method use to quantize the key and value cache of large language models?,I cannot find the answer in the provided documents.,8,10.89,1,1,4,,,,,,,,0,0,,0,,0,0.0,1
10,k10,u008,unanswerable,0,0,Which community detection algorithm does Microsoft's GraphRAG use to build its hierarchy of entity communities?,I cannot find the answer in the provided documents.,8,11.16,1,1,4,,,,,,,,0,0,,0,,0,0.0,1
10,k10,u009,unanswerable,0,0,What is the name of the password-authenticated key exchange (also called Dragonfly) used by WPA3-Personal?,I cannot find the answer in the provided documents.,8,13.32,1,1,4,,,,,,,,0,0,,0,,0,0.0,1
10,k10,u010,unanswerable,0,0,How much ransom did Colonial Pipeline pay to the DarkSide ransomware group in 2021?,I cannot find the answer in the provided documents.,8,12.62,1,1,4,,,,,,,,0,0,,0,,0,0.0,1
10,k10,u011,unanswerable,0,0,What was the peak bandwidth of the 2016 Mirai botnet DDoS attack against the hosting provider OVH?,I cannot find the answer in the provided documents.,8,12.15,1,1,4,,,,,,,,0,0,,0,,0,0.0,1
10,k10,u012,unanswerable,0,0,What is the default block size of the Hadoop Distributed File System (HDFS)?,I cannot find the answer in the provided documents.,8,11.4,1,1,4,,,,,,,,0,0,,0,,0,0.0,1
10,k10,u013,unanswerable,0,0,Which IETF RFC number specifies version 1.3 of the TLS protocol?,I cannot find the answer in the provided documents.,8,12.67,1,1,4,,,,,,,,0,0,,0,,0,0.0,1
10,k10,u014,unanswerable,0,0,Which TCP port does the Modbus/TCP industrial control protocol use by default?,I cannot find the answer in the provided documents.,8,12.63,1,1,4,,,,,,,,0,0,,0,,0,0.0,1
10,k10,u015,unanswerable,0,0,How many uranium enrichment centrifuges at Natanz are estimated to have been destroyed by the Stuxnet worm?,I cannot find the answer in the provided documents.,8,12.92,1,1,4,,,,,,,,0,0,,0,,0,0.0,1
10,k10,u016,unanswerable,0,0,Which CVE identifier was assigned to the Bash vulnerability known as Shellshock?,I cannot find the answer in the provided documents.,8,12.71,1,1,4,,,,,,,,0,0,,0,,0,0.0,1
10,k10,u017,unanswerable,0,0,How many neural processing units does BrainChip's Akida neuromorphic processor contain?,I cannot find the answer in the provided documents.,8,12.97,1,1,4,,,,,,,,0,0,,0,,0,0.0,1
10,k10,u018,unanswerable,0,0,Which tool is commonly used by attackers to dump plaintext credentials from the LSASS process memory on Windows?,I cannot find the answer in the provided documents.,8,13.51,1,1,4,,,,,,,,0,0,,0,,0,0.0,1
10,k10,u019,unanswerable,0,0,What kind of data structure does the BloodHound tool build to reveal attack paths in Active Directory?,I cannot find the answer in the provided documents.,8,11.75,1,1,4,,,,,,,,0,0,,0,,0,0.0,1
10,k10,u020,unanswerable,0,0,What scripting language does the Zeek (formerly Bro) network security monitor use for its policy scripts?,I cannot find the answer in the provided documents.,8,12.18,1,1,4,,,,,,,,0,0,,0,,0,0.0,1
10,k10,u021,unanswerable,0,0,How many electrodes does the Neuralink N1 brain implant have?,I cannot find the answer in the provided documents.,8,12.19,1,1,4,,,,,,,,0,0,,0,,0,0.0,1
10,k10,u022,unanswerable,0,0,Approximately how many computers in how many countries were infected by the WannaCry ransomware in May 2017?,I cannot find the answer in the provided documents.,8,11.16,1,1,4,,,,,,,,0,0,,0,,0,0.0,1
10,k10,u023,unanswerable,0,0,What is the half-life of the carbon-14 isotope?,I cannot find the answer in the provided documents.,8,13.03,1,1,4,,,,,,,,0,0,,0,,0,0.0,1
10,k10,u024,unanswerable,0,0,Which country won the 2022 FIFA World Cup?,I cannot find the answer in the provided documents.,8,12.18,1,1,4,,,,,,,,0,0,,0,,0,0.0,1
20,k20,q001,single,30,0,What is Shor's algorithm and how does it impact the security of current cryptographic systems?,"Shor's algorithm is a quantum algorithm that performs large factoring in polynomial time, posing a significant threat to current cryptographic systems, particularly those relying on RSA and ECC. It can compromise systems like AES and NTRUEncrypt, but hash-based cryptographic schemes remain resistant to it. The algorithm undermines data privacy and digital signature systems, making current cryptographic systems vulnerable as quantum computing matures.",8,25.3,1,0,4,0.5,0.5,0.0,0.0,0.0,0.5,0.5833333333333334,9,2,0.7777777777777778,1,0.5555555555555556,1,0.8986550915025955,1
20,k20,q005,single,30,0,Does Libsodium support any NIST PQC finalist algorithms as of its latest release in the 1.0.x series?,I cannot find the answer in the provided documents.,8,13.8,1,1,4,0.0,0.0,0.0,0.0,0.0,0.5,0.0,0,0,,0,,0,0.0,0
20,k20,q006,single,10,1,What type of QGAN was designed to generate classical image data using linear optical circuits and Fock-space encoding?,A photonic QGAN was designed to generate classical image data using linear optical circuits and Fock-space encoding.,8,13.04,1,0,4,0.0,0.0,0.5,1.0,1.0,1.0,0.16666666666666666,4,0,1.0,0,1.0,0,0.8267189353953736,1
20,k20,q007,single,10,1,What is the role of the quantum feature map in QSVM?,"The quantum feature map in QSVM plays a crucial role by embedding input data into a quantum feature space, utilizing the parallel processing capabilities of quantum computers. This process allows QSVM to compute kernel functions more efficiently and identify patterns that are difficult to discern with classical methods.",8,14.16,1,0,4,0.5,0.5833333333333333,0.75,1.0,1.0,0.8571428571428571,0.25,4,1,0.75,1,0.75,1,0.8349950640006693,1
20,k20,q011,single,30,0,Which conventional public key cryptography methods are described as susceptible to quantum risks in the survey of pre- versus post-quantum security for 5G-enabled IoT?,"The survey describes RSA as a conventional asymmetric method that could not adequately protect private data against quantum attacks, highlighting its susceptibility to quantum risks.",8,13.85,1,0,4,0.25,0.5,0.0,0.0,0.0,0.25,0.08333333333333333,3,1,0.6666666666666666,1,0.6666666666666666,1,0.6619235522536674,1
20,k20,q015,single,10,1,"In side-channel attacks on Kyber with an imperfect plaintext-checking oracle, how much of the Kyber-512 secret key was recovered by applying the CPA attack twice, and with how many power traces?",The CPA attack was used twice to recover 60% of the secret key of Kyber-512 at the cost of about 1619 power traces.,8,16.09,1,0,4,0.0,0.0,0.75,1.0,1.0,1.0,0.08333333333333333,3,1,0.6666666666666666,1,1.0,0,0.7459284519047019,1
20,k20,q017,single,10,1,How are technology service providers using quantum resilience as a selling point?,"Technology service providers are using quantum-resilience as a selling point, for example, certain VPN and secure communications products advertise that they are ""quantum-safe"" by integrating PQC. Cloud companies like AWS, IBM, and Microsoft have also released tools for experimenting with PQC in their platforms.",8,13.63,1,0,4,0.25,0.5,0.25,1.0,1.0,1.0,0.16666666666666666,4,0,1.0,0,1.0,0,0.7782569277268331,1
20,k20,q022,single,30,0,"What accuracy does the scalable quantum convolutional neural network (QCNN) achieve on MNIST, and with how many trainable parameters?",I cannot find the answer in the provided documents.,8,13.33,1,1,4,0.0,0.0,0.0,0.0,0.0,0.4,0.08333333333333333,0,0,,0,,0,0.0,0
20,k20,q044,single,30,0,"In the network-centric Harvest-Now, Decrypt-Later (HNDL) model, what information besides application data is included in harvested ciphertext?",I cannot find the answer in the provided documents.,8,12.52,1,1,4,0.5,0.41666666666666663,0.0,0.0,0.0,0.0,0.08333333333333333,0,0,,0,,0,0.0,0
20,k20,q049,single,10,1,"In CRYSTALS-Kyber, how is the shared key K derived during encapsulation?",I cannot find the answer in the provided documents.,8,13.26,1,1,4,0.0,0.0,0.25,1.0,0.0,0.2857142857142857,0.0,0,0,,0,,0,0.0,0
20,k20,q057,single,20,1,How is the state of a qubit defined in terms of probability amplitudes?,"The state of a qubit is defined using probability amplitudes, where the probability of observing a state is proportional to the square of the amplitude of that state. Specifically, for a qubit in state \(|\psi\rangle\), the probability of measuring it in state \(|0\rangle\) is \(|\langle 0|\psi\rangle|^2\) and in state \(|1\rangle\) is \(|\langle 1|\psi\rangle|^2\).",8,20.95,1,0,4,0.25,0.25,0.0,0.0,0.0,1.0,0.0,4,0,1.0,0,1.0,0,0.8386545464141424,1
20,k20,q061,single,20,1,"What specific vulnerability was exploited in the July 2022 cryptanalytic breakthrough against SIDH/SIKE, and how was it carried out?","The cryptanalytic breakthrough against SIDH/SIKE drew on advanced genus theory and the ""glue-and-split"" theorem. These mathematical techniques allowed for efficient key recovery, revealing vulnerabilities not captured in the original security analysis of isogeny-based cryptography.",8,14.62,1,0,4,0.5,1.0,0.75,1.0,0.0,0.8333333333333334,0.08333333333333333,5,2,0.6,1,0.6,1,0.8019700991501972,0
20,k20,q062,single,10,1,What technique can be used in a blockchain-IoT environment to obscure the information of the sender transferring coins?,Monero can be used to obscure the information of the sender transferring coins using ring signatures in a blockchain-IoT environment.,8,13.13,1,0,4,0.0,0.0,1.0,1.0,0.0,1.0,0.08333333333333333,3,1,0.6666666666666666,1,0.6666666666666666,1,0.7452901501195406,1
20,k20,q063,single,10,1,What are the advantages and the main challenge of NV centers in diamond as a qubit technology?,"Advantages of NV centers in diamond as a qubit technology include long coherence times and the ability to operate at room temperature. The main challenge is scaling them to large, controllable registers due to the difficulty of precise and reliable manufacturing.",8,14.9,1,0,4,0.5,0.8333333333333333,0.5,1.0,1.0,1.0,0.25,4,1,0.75,1,1.0,0,0.8681405601003259,1
20,k20,q064,single,10,1,"Which physical effect was exploited in a 2019 jamming attack against QKD, and what was its impact?","In 2019, Daschner et al. exploited the Faraday effect in a jamming attack against QKD. This attack increased the quantum bit-error rate (QBER) by 7.6%, effectively denying service.",8,14.94,1,0,4,0.25,0.5,1.0,1.0,1.0,1.0,0.4166666666666667,3,0,1.0,0,1.0,0,0.815736733490194,1
20,k20,q065,single,20,1,"What scheme is proposed in 2022 for dynamically allocating key resources in QKD networks, and what technology is used to realize this scheme?","In 2022, a Dynamic-On-Demand Key Allocation (DDKA) scheme for QKD networks (QKDN) has been proposed. This scheme is realized using SDN technology.",8,12.31,1,0,4,0.25,1.0,1.0,1.0,1.0,0.8,0.16666666666666666,3,0,1.0,0,1.0,0,0.8665260151286215,1
20,k20,q066,single,30,0,"How is the trojan gate attack on quantum circuit models for 6G resource allocation constructed, and why is it stealthy?",I cannot find the answer in the provided documents.,8,13.01,1,1,4,0.5,0.5833333333333333,0.0,0.0,0.0,0.75,0.0,0,0,,0,,0,0.0,0
20,k20,q067,single,20,1,"In the hybrid QNN and QSVM pipeline for real-time network traffic monitoring, what accuracies and alerting latency were achieved?","In the hybrid QNN and QSVM pipeline for real-time network traffic monitoring, the QNN achieved 96% accuracy, and the QSVM achieved 93% accuracy. The average alerting latency was near-instant at 10 ms.",8,14.83,1,0,4,0.25,1.0,1.0,1.0,1.0,0.75,0.08333333333333333,5,0,1.0,0,1.0,0,0.931582131872941,1
20,k20,q068,single,20,1,Why is quantum key distribution (QKD) considered provably secure against eavesdropping?,"Quantum key distribution (QKD) is considered provably secure against eavesdropping because it leverages the principles of quantum mechanics, specifically the Heisenberg uncertainty principle. Any eavesdropping attempt introduces measurable errors due to the disturbance of quantum states, which can be detected by the communicating parties. This ensures that the security of QKD communication arises from the inherent properties of quantum systems, providing information-theoretic security.",8,15.73,1,0,4,0.75,0.9166666666666666,0.0,0.0,0.0,0.6666666666666666,0.6666666666666666,8,0,1.0,0,1.0,0,0.8211505547130865,1
20,k20,q082,single,10,1,"Under the Harvest-Now, Decrypt-Later (HNDL) model, what is the status of encrypted data transmitted or stored today without quantum resistance?","Under the HNDL model, encrypted datasets transmitted or stored today without quantum resistance are ""pre-compromised."" These records could be decrypted once quantum capabilities mature, potentially undermining national security and eroding public trust.",8,14.0,1,0,4,0.5,0.5833333333333333,0.5,1.0,1.0,0.8,0.4166666666666667,4,0,1.0,0,1.0,0,0.7392755380057365,1
20,k20,q092,single,30,0,"When should organizations begin post-quantum cryptography migration, and why is waiting for Q-Day an error?","Organizations should begin post-quantum cryptography migration urgently to avoid future quantum-based attacks, as waiting for Q-Day is an error. Q-Day estimates when quantum computers capable of breaking encryption might realistically materialize, but migration is needed sooner to protect against ""harvest now, decrypt later"" threats and ensure continuous security in the quantum era.",8,15.11,1,0,4,0.5,0.5,0.0,0.0,0.0,0.42857142857142855,0.3333333333333333,5,1,0.8,1,0.8,1,0.8092311140399929,1
20,k20,s001,single,10,1,"In variational quantum circuits, what name is given in quantum simulation to the approach that uses parametrized random circuits of varying depth?",I cannot find the answer in the provided documents.,8,12.19,1,1,4,0.25,0.25,0.0,0.0,0.0,0.6666666666666666,0.08333333333333333,0,0,,0,,0,0.0,0
20,k20,s002,single,20,1,"Which states are used in the Vacuum+Weak decoy-state method for quantum key distribution, and what do Alice and Bob gain by measuring the decoy states?","In the Vacuum+Weak decoy-state method for quantum key distribution, Alice uses a vacuum state and a weak decoy state with a very small number of photons. By measuring the yields and QBER of these decoy states, Alice and Bob can obtain reliable bounds to ensure the security of their quantum key distribution, surpassing prior art results.",8,16.72,1,0,4,0.75,0.6388888888888888,1.0,1.0,1.0,0.6666666666666666,0.0,4,0,1.0,0,1.0,0,0.8901152427553578,1
20,k20,s004,single,20,1,"In Shor's quantum algorithm for discrete logarithms, with what probability is each good (c, d) pair generated, and what fraction of the possible c values belong to a good pair?","Each good (c, d) pair is generated with a probability of at least 1/(20q2), and at least a twelfth of the possible c’s are in a good (c, d) pair.",8,18.42,1,0,4,0.75,0.6388888888888888,1.0,1.0,1.0,1.0,0.08333333333333333,2,0,1.0,0,1.0,0,0.7975852434893896,1
20,k20,s005,single,20,1,"Why is it difficult to foresee the future applications of quantum computing, and what recent industry trend surprised many quantum researchers in academia?",I cannot find the answer in the provided documents.,8,11.7,1,1,4,0.5,0.5,0.0,0.0,0.0,0.6666666666666666,0.16666666666666666,0,0,,0,,0,0.0,0
20,k20,s006,single,30,0,"In quantum public key distribution with polarized photons (BB84), how do Alice and Bob test for eavesdropping, and how are the remaining bits used?","In the BB84 protocol, Alice and Bob test for eavesdropping by performing a process called sifting. They discard qubits where Bob's measurement basis differs from Alice's preparation basis. From the remaining qubits, they use a subset to check for potential eavesdropping by comparing a random subset of bits over a classical channel without revealing the actual key. If there are no errors within an acceptable threshold, they assume the key is secure and use the remaining bits as their shared secret key.",8,18.69,1,0,4,0.5,1.0,0.0,0.0,0.0,0.8,0.08333333333333333,6,2,0.6666666666666666,1,0.6666666666666666,1,0.8022995189286419,1
20,k20,s007,single,30,0,"How do local parameter-update optimizers for variational quantum algorithms work, and what has been proposed to speed up their convergence?",I cannot find the answer in the provided documents.,8,11.42,1,1,4,0.5,0.41666666666666663,0.0,0.0,0.0,0.6666666666666666,0.08333333333333333,0,0,,0,,0,0.0,0
20,k20,m001,multihop,10,1,"How do concerns about harvest-now-decrypt-later (HNDL) attacks differ between security professionals and profit-motivated cybercriminals, and which kinds of data are considered prime targets for HNDL?","Concerns about HNDL attacks are similar between security professionals and profit-motivated cybercriminals in that both recognize the threat to long-term data confidentiality. However, security professionals are more focused on long-term data protection and the need for Post-Quantum Cryptography (PQC) to mitigate these risks, while cybercriminals might prioritize short-term data exfiltration and storage for future decryption. Prime targets for HNDL include classified government documents, healthcare records, and corporate trade secrets due to their long-term confidentiality requirements.",8,16.02,1,0,4,1.0,1.0,0.5,1.0,0.0,0.3333333333333333,0.5,9,2,0.7777777777777778,1,0.7777777777777778,1,0.817380701837432,1
20,k20,m003,multihop,20,1,"What role does Quantum Random Number Generation (QRNG) play in quantum key distribution (QKD), and how far has QKD technology progressed toward real-world deployment?","Quantum Random Number Generation (QRNG) plays a crucial role in quantum key distribution (QKD) by providing truly unpredictable keys, essential for secure cryptographic solutions. QKD technology has progressed significantly, with real-world deployments like China’s 2,000-km Quantum Key Distribution network demonstrating its feasibility. However, challenges remain, such as integrating QKD with legacy systems and addressing technical limitations.",8,14.97,1,0,4,0.5,0.8333333333333333,0.25,0.0,0.5,0.6,0.4166666666666667,8,2,0.75,1,0.625,1,0.8242504615579418,1
20,k20,m005,multihop,30,0,"What is the status of CRYSTALS-Dilithium support in cryptographic libraries such as OpenSSL and Botan, and which industry players have adopted Dilithium?",I cannot find the answer in the provided documents.,8,13.77,1,1,4,0.75,0.6388888888888888,0.0,0.0,0.0,0.5,0.25,0,0,,0,,0,0.0,0
20,k20,m027,multihop,10,1,"When do experts expect cryptographically relevant quantum computers (CRQCs) able to break 2048-bit RSA, and what post-quantum algorithms has NIST standardized in response?","Experts expect cryptographically relevant quantum computers (CRQCs) able to break 2048-bit RSA to be developed by at least the 2030s. In response, NIST has standardized a set of post-quantum cryptographic algorithms, including lattice-based key encapsulation like CRYSTALS-Kyber and digital signatures.",8,16.1,1,0,4,0.75,0.6388888888888888,0.75,1.0,0.5,0.8571428571428571,0.0,4,1,0.75,1,0.75,1,0.8455776697436287,1
20,k20,m037,multihop,20,1,How do Quantum Gaussian Mixture Models (QGMMs) and Quantum Boltzmann Machines (QBMs) differ in how they represent probability distributions?,"Quantum Gaussian Mixture Models (QGMMs) represent probability distributions using quantum states, while Quantum Boltzmann Machines (QBMs) describe the target distribution as a quantum thermal state derived from a parameterized Hamiltonian. QBM uses quantum Hamiltonians to define energy functions and can capture correlations through quantum effects like superposition and entanglement, unlike classical Boltzmann Machines which rely on sampling methods.",8,16.58,1,0,4,0.5,0.5,0.75,1.0,0.5,0.875,0.4166666666666667,5,0,1.0,0,1.0,0,0.8528666676812273,1
20,k20,m043,multihop,30,0,"How has hybrid post-quantum key agreement been deployed in Chrome, and how do hybrid PQC deployments keep backward compatibility with parties that do not support it?",I cannot find the answer in the provided documents.,8,12.64,1,1,4,0.25,0.25,0.0,0.0,0.0,0.45454545454545453,0.0,0,0,,0,,0,0.0,0
20,k20,m046,multihop,20,1,What applications of Quantum Neural Networks (QNNs) do quantum machine learning surveys highlight in healthcare and in cybersecurity?,"In healthcare, QNNs are highlighted for precision medicine principles and resource optimization. In cybersecurity, QNNs are used for intrusion detection and malware analysis, contributing to enhanced security frameworks.",8,13.7,1,0,4,0.75,0.8055555555555555,0.75,0.0,0.0,0.6666666666666666,0.5,5,1,0.8,1,0.6,1,0.8039973333978304,1
20,k20,m064,multihop,30,0,"Why do large post-quantum keys and signatures cause problems for 5G network slices and handovers, and how large is the handshake overhead of hash-based signature schemes?",I cannot find the answer in the provided documents.,8,13.0,1,1,4,0.0,0.0,0.5,0.0,0.0,0.75,0.16666666666666666,0,0,,0,,0,0.0,0
20,k20,m068,multihop,20,1,How does the Module-LWE problem underlying ML-KEM and ML-DSA relate to the basic Learning With Errors (LWE) problem in lattice-based cryptography?,"The Module-LWE problem underlying ML-KEM and ML-DSA is an extension of the basic LWE problem in lattice-based cryptography. Both problems rely on the computational hardness of solving noisy linear equations, with Module-LWE operating over module structures to provide more efficient constructions. This extension allows for better performance in practical applications while maintaining the security guarantees based on the hardness of the LWE problem.",8,15.78,1,0,4,0.75,0.8055555555555555,1.0,1.0,1.0,1.0,0.5833333333333334,6,2,0.6666666666666666,1,0.5,1,0.8388660152655995,1
20,k20,g001,multihop,30,0,"Why does Shor's algorithm threaten RSA and elliptic-curve cryptography while Grover's algorithm can be countered by larger symmetric keys, and how many noisy qubits do theoretical estimates say are needed to break 2048-bit RSA?","Shor's algorithm threatens RSA and elliptic-curve cryptography because it can efficiently factor large numbers and solve discrete logarithms, tasks that are computationally infeasible for classical computers. Grover's algorithm, on the other hand, can speed up unstructured search problems but its effectiveness is mitigated by increasing key sizes, making it less of a threat for symmetric cryptography. Theoretical estimates suggest that around 4000 noisy qubits are needed to break 2048-bit RSA using Shor's algorithm.",8,17.98,1,0,4,0.75,0.9166666666666666,0.0,0.0,0.0,0.45454545454545453,0.8333333333333334,7,2,0.7142857142857143,1,0.5714285714285714,1,0.836902154061708,1
20,k20,g002,multihop,30,0,"How does Kyber compare with RSA in key exchange speed in practical deployment tests, and on which hard problem is Kyber's security based?","Kyber outperformed SABER based on RAM usage and code size, though both perform key generation, encapsulation, and decapsulation. Kyber's security is based on the hardness of the Module-LWE problem, which is believed to be resistant to quantum computer attacks. RSA, on the other hand, relies on the difficulty of factoring large numbers, a problem that quantum computers can potentially solve more efficiently.",8,15.6,1,0,4,0.25,0.25,0.25,0.0,0.0,0.625,0.4166666666666667,6,2,0.6666666666666666,1,0.6666666666666666,1,0.8075739499372622,1
20,k20,g003,multihop,30,0,"Why do Smart City and IoVT applications need 5G unlike traditional IoT applications, and what security consequences does the predicted growth of IoT devices have?","Smart City and IoVT applications need 5G for their end-to-end application in the fourth layer of IoT environments, which requires low latency for smooth and seamless communication. The predicted growth of IoT devices poses numerous security risks and challenges, as these devices are common targets for adversaries that can compromise data security and user privacy or cause network disruption.",8,15.3,1,0,4,0.5,0.75,0.5,0.0,0.5,0.875,0.08333333333333333,6,1,0.8333333333333334,1,1.0,0,0.7639590494398959,1
20,k20,g005,multihop,20,1,"What problem with encoding classical data into quantum states does the data re-uploading strategy address, and what accuracy did a hybrid model with quantum-enhanced embeddings achieve for botnet detection?","The data re-uploading strategy addresses the issue of efficiently encoding classical data into quantum states, which can be a significant obstacle due to the need for a large number of qubits or insufficient representational capacity. A hybrid model with quantum-enhanced embeddings achieved up to 94.7% accuracy in botnet detection.",8,14.8,1,0,4,0.5,0.75,0.5,1.0,1.0,1.0,0.16666666666666666,5,0,1.0,0,1.0,0,0.8576347577699179,1
20,k20,g007,multihop,30,0,"Why are multivariate quadratic (MQ) cryptographic schemes considered quantum-resistant, what are they mainly used for, and what property makes a multivariate signature scheme suitable for authenticating edge nodes?","Multivariate quadratic (MQ) cryptographic schemes are considered quantum-resistant because no efficient classical or quantum algorithms are known for solving generic MQ systems. They are mainly used in digital signatures and public-key encryption. The property that makes a multivariate signature scheme suitable for authenticating edge nodes is its resistance to quantum attacks, which is crucial for long-term security in edge computing environments where devices may have limited computational resources.",8,14.98,1,0,4,0.75,0.6388888888888888,0.25,0.0,0.5,0.5,0.4166666666666667,6,1,0.8333333333333334,1,0.6666666666666666,1,0.8310860305581912,1
20,k20,g011,multihop,20,1,"How many side-channel leakage points have been reported in Kyber's decryption procedure, and how did researchers use machine learning in a side-channel attack on a Kyber implementation?","Three side-channel leakage points have been reported in Kyber's decryption procedure. Researchers used machine learning techniques to extract encryption keys from Kyber implementations, as mentioned in the context.",8,14.16,1,0,4,0.5,0.8333333333333333,0.75,1.0,0.0,0.6,0.5,2,0,1.0,0,1.0,0,0.8324156747241657,1
20,k20,g015,multihop,10,1,"How do Kyber's public key and Dilithium's signature sizes compare with classical ECC, and are these post-quantum schemes considered feasible and efficient enough for IoT and mainstream applications?","Kyber's public key is very large compared to classical ECC, while Dilithium's signatures are much larger than ECDSA signatures but smaller than some alternatives like McEliece. These post-quantum schemes are considered feasible and efficient enough for IoT and mainstream applications, though they may require more memory and have higher cryptographic overhead.",8,15.83,1,0,4,0.5,0.5,0.25,0.0,0.0,0.2,0.5,7,3,0.5714285714285714,1,0.42857142857142855,1,0.8516270597479867,1
20,k20,g016,multihop,20,1,"How does quantum secure direct communication (QSDC) differ from quantum key distribution (QKD), and which intercity networks illustrate the development of practical QKD networks?","Quantum Secure Direct Communication (QSDC) provides a comprehensive, confidential, and near-instantaneous solution compared to QKD, which is primarily concerned with the secure negotiation of cryptographic keys. The China’s 2,000-km Quantum Key Distribution network and the SwissQuantum QKD network illustrate the development of practical QKD networks.",8,14.63,1,0,4,0.25,0.3333333333333333,0.5,0.0,0.0,0.42857142857142855,0.25,4,1,0.75,1,0.25,1,0.8199135276898408,1
20,k20,g019,multihop,20,1,"Why must the key storages of a QKD network be kept synchronized, and why does QKD still depend on classical cryptography in practice?","Key storages in QKD networks must be kept synchronized to ensure secure and reliable key distribution, as highlighted in the text passages. QKD still depends on classical cryptography in practice because QKD alone does not provide authentication, as it requires an initial authentication method (often a pre-shared key or classical public-key signature) to secure the first quantum exchange, as mentioned in the first text passage.",8,14.3,1,0,4,0.5,0.75,1.0,1.0,0.5,1.0,0.5,5,1,0.8,1,0.8,1,0.7797199583514475,1
20,k20,g021,multihop,20,1,"How many power traces does the improved two-step side-channel attack need to recover Kyber's secret key, and what hardware efficiency cost does the hardware-friendly shuffling countermeasure for Kyber have?",I cannot find the answer in the provided documents.,8,13.99,1,1,4,0.5,0.41666666666666663,1.0,0.0,0.0,0.2857142857142857,0.0,0,0,,0,,0,0.0,0
20,k20,g026,multihop,30,0,"How does higher-order masking, used to protect Kyber implementations against side-channel attacks, split a sensitive variable into shares, and how does threshold secret sharing split a secret among participants?","Higher-order masking splits a sensitive variable into many partially randomized shares, with each share being processed independently to prevent sensitive information from leaking. Threshold secret sharing partitions a secret into N shares that can only be decrypted when a minimum number (k) of shares are combined.",8,14.92,1,0,4,0.5,0.75,1.0,0.0,0.0,0.9090909090909091,0.08333333333333333,7,2,0.7142857142857143,1,0.7142857142857143,1,0.8722230360581643,1
20,k20,g027,multihop,10,1,"How do the best reported quantum gate error rates compare with those of classical transistors, and what limitations did a quantum error correction demonstration with a Toffoli gate on superconducting qubits have?","The best reported quantum gate error rates are higher than those of modern digital transistors. Quantum systems, including superconducting qubits, have much higher error rates compared to the low error rates of modern digital transistors. A quantum error correction demonstration with a Toffoli gate on superconducting qubits had limitations such as being constrained by the coherence times of superconducting qubits, implementing only two error models, and not being sufficient for large-scale fault-tolerant quantum computing.",8,16.34,1,0,4,0.5,0.75,0.5,1.0,0.5,0.5,0.25,5,1,0.8,1,0.8,1,0.7829047817267574,1
20,k20,g028,multihop,30,0,"What is the status of Kyber and Dilithium support in the MbedTLS and Crypto++ libraries, and why are Kyber and Dilithium considered suitable for general-purpose deployment?",I cannot find the answer in the provided documents.,8,13.79,1,1,4,0.5,0.5,0.0,0.0,0.0,0.42857142857142855,0.3333333333333333,0,0,,0,,0,0.0,0
20,k20,g030,multihop,30,0,"What is the primary threat-actor behavior before Q-Day, and why does the 'Cryptographic Time Paradox' make this behavior dangerous?","The primary threat-actor behavior before Q-Day is the ""Store/Harvest Now, Decrypt Later"" (HNDL) approach. This behavior is dangerous due to the Cryptographic Time Paradox, where threat actors might collect and store encrypted data now, knowing they can decrypt it later with quantum computers, creating a window of insecurity during the transition period.",8,13.85,1,0,4,0.75,1.0,1.0,0.0,0.5,0.42857142857142855,0.4166666666666667,1,0,1.0,0,1.0,0,0.7689477542134231,1
20,k20,g034,multihop,20,1,"How does the security basis of quantum cryptography differ from traditional encryption, what are the two main categories of QKD protocols, and what practical requirement distinguishes QKD from traditional key agreement?","The security basis of quantum cryptography differs from traditional encryption in that it relies on the principles of quantum mechanics, specifically the no-cloning theorem and quantum entanglement, rather than the computational complexity of mathematical problems. The two main categories of QKD protocols are Continuous Variable (CV) and Discrete Variable (DV) QKDPs. QKD differs from traditional key agreement in that it requires the generation of random numbers for key generation, a practical requirement not inherent in traditional encryption methods.",8,16.13,1,0,4,0.25,0.3333333333333333,0.75,1.0,0.5,0.6666666666666666,0.08333333333333333,8,3,0.625,1,0.75,1,0.8365644064248592,1
20,k20,g035,multihop,20,1,"Which quantum mechanisms allow Shor's algorithm to factor large integers efficiently, and why does this threaten RSA?","Shor's algorithm efficiently factors large integers by leveraging quantum mechanics principles such as superposition and entanglement, allowing it to perform complex calculations in parallel. This capability threatens RSA because RSA's security relies on the computational difficulty of factoring large integers, which classical computers find infeasible for sufficiently large numbers. However, Shor's algorithm can factor these large integers in polynomial time on a quantum computer, thus compromising RSA's security.",8,15.73,1,0,4,0.5,0.5833333333333333,0.75,1.0,0.0,0.5,0.75,7,0,1.0,0,0.8571428571428571,1,0.7712858721528953,1
20,k20,g037,multihop,30,0,"What does the security of SPHINCS+ (SLH-DSA) rely on compared with the other algorithms NIST selected, how does it achieve stateless operation, and which FIPS standards correspond to Kyber, Dilithium and SPHINCS+?","The security of SPHINCS+ (SLH-DSA) relies on the collision resistance of hash functions, unlike lattice-based approaches which depend on hardness assumptions. It achieves stateless operation through a hierarchical structure of hash trees combined with few-time signature mechanisms, specifically using WOTS+ for signing and FORS for efficient few-time signatures. NIST FIPS approvals formalized a baseline for ML-DSA (Dilithium), SLH-DSA (SPHINCS+), and Falcon (FN-DSA).",8,18.27,1,0,4,0.5,0.41666666666666663,0.75,0.0,0.5,0.6666666666666666,0.3333333333333333,7,2,0.7142857142857143,1,0.7142857142857143,1,0.747810570564301,1
20,k20,g039,multihop,20,1,"On what is the security of quantum key distribution (QKD) based, why are practical QKD experiments with attenuated lasers potentially insecure, and how can quantum machine learning help detect eavesdroppers?","The security of QKD is based on the principles of quantum mechanics, ensuring information-theoretic security. Practical QKD experiments with highly attenuated lasers can be insecure due to the potential generation of multi-photon signals, which could be exploited by eavesdroppers. Quantum machine learning can help detect eavesdroppers by enhancing eavesdropping detection capabilities and optimizing security analysis in QKD protocols.",8,16.65,1,0,4,0.75,0.6388888888888888,1.0,0.0,0.5,1.0,0.5,7,2,0.7142857142857143,1,0.8571428571428571,1,0.8237165327578704,1
20,k20,g040,multihop,30,0,"What speed-up does an FPGA accelerator with an optimized Number Theoretic Transform (NTT) achieve for Kyber, and why is polynomial multiplication in Kyber computed in the NTT domain?","FPGA implementations of Kyber have shown significant speedups for polynomial multiplication, among other basic operations. Specifically, polynomial multiplication in the NTT domain reduces computational complexity from O(n²) to O(n·logn), significantly improving the speed of the entire encryption and decryption process in Kyber. This is because the NTT allows for faster polynomial multiplications by transforming the problem into a more efficient form.",8,17.36,1,0,4,0.5,1.0,0.25,0.0,0.5,0.8571428571428571,0.16666666666666666,7,1,0.8571428571428571,1,1.0,0,0.8291048380807288,1
20,k20,g042,multihop,10,1,"How do quantum generative adversarial networks (QGANs) work, and how does EQGAN improve their training?","Quantum generative adversarial networks (QGANs) work by using quantum circuits or hybrid quantum-classical architectures to implement GANs, leveraging quantum advantages for more efficient training and better representation of complex probability distributions. EQGAN improves QGAN training by enhancing performance and stability, achieving faster and more stable training compared to standard QGANs.",8,14.51,1,0,4,0.5,0.5833333333333333,0.75,0.0,0.0,0.5454545454545454,0.0,7,2,0.7142857142857143,1,0.42857142857142855,1,0.8158872681258055,1
20,k20,g043,multihop,20,1,"What reasons suggest that quantum computers can outperform classical computers, and what role does the precision of quantum state manipulation play?","Quantum computers can outperform classical computers due to their ability to handle information fundamentally differently, particularly in simulating quantum dynamics and solving certain problems more efficiently. The precision of quantum state manipulation is currently dictated by the properties of the materials and architecture used in quantum computers, and it is not yet clear which architectures will provide high precision. This precision could potentially give quantum computers an advantage, but it is not yet certain.",8,15.53,1,0,4,0.75,0.8055555555555555,1.0,1.0,0.5,0.8333333333333334,0.25,7,2,0.7142857142857143,1,0.8571428571428571,1,0.8228860807091921,1
20,k20,g044,multihop,30,0,"Why are variational quantum algorithms (VQAs) considered the leading strategy for NISQ devices, which constraints must they account for, and why does improving gate accuracy matter for near-term platforms?","Variational quantum algorithms (VQAs) are considered the leading strategy for NISQ devices because they can be implemented on current near-term quantum hardware, which has limited qubits and noisy gates. They must account for the constraints of noisy intermediate-scale quantum (NISQ) devices, such as limited qubits and imperfect quantum gates. Improving gate accuracy matters for near-term platforms because higher gate fidelity can extend the power of NISQ technology and enable more robust quantum computations.",8,15.66,1,0,4,0.5,0.41666666666666663,0.5,0.0,0.0,0.7,0.4166666666666667,7,1,0.8571428571428571,1,0.5714285714285714,1,0.8087869938311817,1
20,k20,g045,multihop,30,0,"What error rate does an eavesdropper who measures and resends all photons in the rectilinear basis induce in BB84, and which two sources contribute to detection events in decoy-state QKD?",I cannot find the answer in the provided documents.,8,14.15,1,1,4,0.5,0.5833333333333333,0.0,0.0,0.0,0.8333333333333334,0.5,0,0,,0,,0,0.0,0
20,k20,g046,multihop,30,0,"How has research on quantum machine learning for quantum key distribution evolved, and what risk do QML-based applications themselves face in 6G networks?","Research on quantum machine learning for quantum key distribution has evolved to integrate QML algorithms with QKD protocols, enhancing security and efficiency. QML is used to optimize key generation and detection in QKD. However, QML-based applications face risks in 6G networks, including potential quantum-enabled threats that could exploit vulnerabilities in QNNs.",8,15.32,1,0,4,0.5,0.5,0.5,0.0,0.0,0.6,0.4166666666666667,7,3,0.5714285714285714,1,0.42857142857142855,1,0.8604459628139631,1
20,k20,g048,multihop,20,1,"How are variational quantum classifiers (VQCs) used for cyberattack detection, and why are variational quantum circuits the most common architecture for QGANs?","Variational Quantum Classifiers (VQCs) are used for cyberattack detection by combining parameterized quantum circuits with classical optimizers in hybrid feedback loops, allowing them to adapt to evolving attack strategies. Variational Quantum Circuits (VQCs) are the most common architecture for Quantum Generative Adversarial Networks (QGANs) due to their flexibility and trainability, making them suitable for complex, high-dimensional tasks like drug design and cybersecurity.",8,16.38,1,0,4,0.5,0.5833333333333333,1.0,1.0,1.0,0.625,0.0,7,1,0.8571428571428571,1,0.8571428571428571,1,0.8714214417379226,1
20,k20,g050,multihop,30,0,"How are the generator and discriminator of quantum GANs trained, and how are the gradients obtained?","In QGANs, gradients are typically estimated using the parameter-shift rule or stochastic approximation, and optimization is performed via classical algorithms. The discriminator parameters are updated to minimize the loss function, while the generator parameters are updated to increase the chance that fake data is classified as real. This adversarial process continues until equilibrium is reached.",8,15.5,1,0,4,0.75,0.6388888888888888,0.5,0.0,0.5,0.875,0.5833333333333334,5,1,0.8,1,0.8,1,0.7068889053662536,1
20,k20,u001,unanswerable,0,0,Which company acquired the deception technology vendor Illusive Networks in 2022?,I cannot find the answer in the provided documents.,8,12.65,1,1,4,,,,,,,,0,0,,0,,0,0.0,1
20,k20,u002,unanswerable,0,0,Which Suricata rule keyword is used to match the TLS Server Name Indication (SNI) field?,I cannot find the answer in the provided documents.,8,12.19,1,1,4,,,,,,,,0,0,,0,,0,0.0,1
20,k20,u003,unanswerable,0,0,What packet-processing throughput did Facebook's Katran XDP-based layer-4 load balancer achieve?,I cannot find the answer in the provided documents.,8,12.08,1,1,4,,,,,,,,0,0,,0,,0,0.0,1
20,k20,u004,unanswerable,0,0,How many qubits does Google's Willow quantum processor have?,I cannot find the answer in the provided documents.,8,13.15,1,1,4,,,,,,,,0,0,,0,,0,0.0,1
20,k20,u006,unanswerable,0,0,How many artificial neurons does Intel's Hala Point neuromorphic system contain?,I cannot find the answer in the provided documents.,8,13.3,1,1,4,,,,,,,,0,0,,0,,0,0.0,1
20,k20,u007,unanswerable,0,0,What bit-width does the KIVI method use to quantize the key and value cache of large language models?,I cannot find the answer in the provided documents.,8,11.39,1,1,4,,,,,,,,0,0,,0,,0,0.0,1
20,k20,u008,unanswerable,0,0,Which community detection algorithm does Microsoft's GraphRAG use to build its hierarchy of entity communities?,I cannot find the answer in the provided documents.,8,11.35,1,1,4,,,,,,,,0,0,,0,,0,0.0,1
20,k20,u009,unanswerable,0,0,What is the name of the password-authenticated key exchange (also called Dragonfly) used by WPA3-Personal?,I cannot find the answer in the provided documents.,8,12.2,1,1,4,,,,,,,,0,0,,0,,0,0.0,1
20,k20,u010,unanswerable,0,0,How much ransom did Colonial Pipeline pay to the DarkSide ransomware group in 2021?,I cannot find the answer in the provided documents.,8,12.19,1,1,4,,,,,,,,0,0,,0,,0,0.0,1
20,k20,u011,unanswerable,0,0,What was the peak bandwidth of the 2016 Mirai botnet DDoS attack against the hosting provider OVH?,I cannot find the answer in the provided documents.,8,12.1,1,1,4,,,,,,,,0,0,,0,,0,0.0,1
20,k20,u012,unanswerable,0,0,What is the default block size of the Hadoop Distributed File System (HDFS)?,I cannot find the answer in the provided documents.,8,10.76,1,1,4,,,,,,,,0,0,,0,,0,0.0,1
20,k20,u013,unanswerable,0,0,Which IETF RFC number specifies version 1.3 of the TLS protocol?,I cannot find the answer in the provided documents.,8,12.58,1,1,4,,,,,,,,0,0,,0,,0,0.0,1
20,k20,u014,unanswerable,0,0,Which TCP port does the Modbus/TCP industrial control protocol use by default?,I cannot find the answer in the provided documents.,8,10.49,1,1,4,,,,,,,,0,0,,0,,0,0.0,1
20,k20,u015,unanswerable,0,0,How many uranium enrichment centrifuges at Natanz are estimated to have been destroyed by the Stuxnet worm?,I cannot find the answer in the provided documents.,8,12.97,1,1,4,,,,,,,,0,0,,0,,0,0.0,1
20,k20,u016,unanswerable,0,0,Which CVE identifier was assigned to the Bash vulnerability known as Shellshock?,I cannot find the answer in the provided documents.,8,13.45,1,1,4,,,,,,,,0,0,,0,,0,0.0,1
20,k20,u017,unanswerable,0,0,How many neural processing units does BrainChip's Akida neuromorphic processor contain?,I cannot find the answer in the provided documents.,8,12.66,1,1,4,,,,,,,,0,0,,0,,0,0.0,1
20,k20,u018,unanswerable,0,0,Which tool is commonly used by attackers to dump plaintext credentials from the LSASS process memory on Windows?,I cannot find the answer in the provided documents.,8,13.99,1,1,4,,,,,,,,0,0,,0,,0,0.0,1
20,k20,u019,unanswerable,0,0,What kind of data structure does the BloodHound tool build to reveal attack paths in Active Directory?,I cannot find the answer in the provided documents.,8,11.31,1,1,4,,,,,,,,0,0,,0,,0,0.0,1
20,k20,u020,unanswerable,0,0,What scripting language does the Zeek (formerly Bro) network security monitor use for its policy scripts?,I cannot find the answer in the provided documents.,8,12.64,1,1,4,,,,,,,,0,0,,0,,0,0.0,1
20,k20,u021,unanswerable,0,0,How many electrodes does the Neuralink N1 brain implant have?,I cannot find the answer in the provided documents.,8,12.18,1,1,4,,,,,,,,0,0,,0,,0,0.0,1
20,k20,u022,unanswerable,0,0,Approximately how many computers in how many countries were infected by the WannaCry ransomware in May 2017?,I cannot find the answer in the provided documents.,8,12.16,1,1,4,,,,,,,,0,0,,0,,0,0.0,1
20,k20,u023,unanswerable,0,0,What is the half-life of the carbon-14 isotope?,I cannot find the answer in the provided documents.,8,12.95,1,1,4,,,,,,,,0,0,,0,,0,0.0,1
20,k20,u024,unanswerable,0,0,Which country won the 2022 FIFA World Cup?,I cannot find the answer in the provided documents.,8,12.2,1,1,4,,,,,,,,0,0,,0,,0,0.0,1
30,k30,q001,single,30,1,What is Shor's algorithm and how does it impact the security of current cryptographic systems?,"Shor's algorithm is a quantum algorithm that can efficiently factor large integers and solve the discrete logarithm problem, which are the foundations of many public-key cryptographic systems. This impacts the security of current cryptographic systems, particularly public-key cryptographic systems, by reducing the complexity of these problems from exponential to polynomial time, thus undermining the security assumptions on which these systems are based.",8,22.77,1,0,4,0.75,0.9166666666666666,0.25,1.0,0.0,0.75,0.8333333333333334,8,0,1.0,0,1.0,0,0.8590345273622583,1
30,k30,q005,single,30,1,Does Libsodium support any NIST PQC finalist algorithms as of its latest release in the 1.0.x series?,"No, as of the 1.0.x series, Libsodium does not include support for any of the NIST PQC finalist algorithms.",8,15.36,1,0,4,0.25,0.5,1.0,1.0,0.0,1.0,0.3333333333333333,2,0,1.0,0,1.0,0,0.9157352445436171,1
30,k30,q006,single,10,1,What type of QGAN was designed to generate classical image data using linear optical circuits and Fock-space encoding?,A photonic QGAN was designed to generate classical image data using linear optical circuits and Fock-space encoding.,8,12.76,1,0,4,0.5,0.8333333333333333,0.5,1.0,1.0,1.0,0.16666666666666666,4,0,1.0,0,1.0,0,0.8267189353953736,1
30,k30,q007,single,10,1,What is the role of the quantum feature map in QSVM?,"The quantum feature map in QSVM is used to embed data into a quantum feature space, making patterns easier to identify and allowing for the computation of kernel functions in a quantum setting. This process leverages the parallel processing capabilities of quantum computers to map input data into a high-dimensional Hilbert space, where the QSVM can then compute kernel values using fidelity measures.",8,14.74,1,0,4,0.5,0.5833333333333333,0.75,1.0,1.0,0.8571428571428571,0.25,6,1,0.8333333333333334,1,0.8333333333333334,1,0.8719341732026322,1
30,k30,q011,single,30,1,Which conventional public key cryptography methods are described as susceptible to quantum risks in the survey of pre- versus post-quantum security for 5G-enabled IoT?,"The survey describes traditional public key cryptography methods such as RSA, which is susceptible to quantum risks due to advancements in computing technology that pose threats to traditional cryptography.",8,14.05,1,0,4,0.25,0.3333333333333333,0.75,1.0,0.0,0.0,0.25,4,1,0.75,1,0.75,1,0.7385487021062288,1
30,k30,q015,single,10,1,"In side-channel attacks on Kyber with an imperfect plaintext-checking oracle, how much of the Kyber-512 secret key was recovered by applying the CPA attack twice, and with how many power traces?",The CPA attack was applied twice to recover 60% of the secret key of Kyber-512 at the cost of about 1619 power traces.,8,15.98,1,0,4,0.0,0.0,1.0,1.0,1.0,1.0,0.08333333333333333,4,2,0.5,1,0.75,1,0.8455886214950743,1
30,k30,q017,single,10,1,How are technology service providers using quantum resilience as a selling point?,"Technology service providers are using quantum-resilience as a selling point, for example, certain VPN and secure communications products advertise that they are ""quantum-safe"" by integrating Post-Quantum Cryptography (PQC).",8,12.75,1,0,4,0.75,0.8055555555555555,0.25,1.0,1.0,1.0,0.16666666666666666,3,0,1.0,0,1.0,0,0.8088577096961793,1
30,k30,q022,single,30,1,"What accuracy does the scalable quantum convolutional neural network (QCNN) achieve on MNIST, and with how many trainable parameters?",The scalable QCNN achieves 98.7% accuracy on the MNIST dataset using only 45 independent rotational parameters.,8,13.91,1,0,4,0.5,0.75,0.75,1.0,0.0,0.6,0.08333333333333333,2,0,1.0,0,1.0,0,0.82381619948868,1
30,k30,q044,single,30,1,"In the network-centric Harvest-Now, Decrypt-Later (HNDL) model, what information besides application data is included in harvested ciphertext?",I cannot find the answer in the provided documents.,8,12.57,1,1,4,0.5,0.5,0.5,1.0,0.0,0.0,0.0,0,0,,0,,0,0.0,0
30,k30,q049,single,10,1,"In CRYSTALS-Kyber, how is the shared key K derived during encapsulation?","In CRYSTALS-Kyber, the shared key K is derived during the encapsulation process and then re-encapsulated. This shared key is extracted in the decapsulation process and re-encapsulated to establish a shared symmetric key between two parties (Alice and Bob) via two-way communication.",8,15.91,1,0,4,0.5,0.41666666666666663,0.0,0.0,0.0,0.42857142857142855,0.0,4,1,0.75,1,0.5,1,0.8784102139267264,0
30,k30,q057,single,20,1,How is the state of a qubit defined in terms of probability amplitudes?,The state of a qubit is defined in terms of probability amplitudes such that the probability of observing a state is proportional to the square of the amplitude of that state.,8,17.71,1,0,4,0.25,0.3333333333333333,0.0,0.0,0.0,1.0,0.4166666666666667,2,0,1.0,0,1.0,0,0.8836854788333838,1
30,k30,q061,single,20,1,"What specific vulnerability was exploited in the July 2022 cryptanalytic breakthrough against SIDH/SIKE, and how was it carried out?","The 2022 attack on SIDH demonstrated a full key recovery using a novel application of Kani’s reducibility criterion. This attack exploited structural weaknesses in SIDH, specifically the public exposure of torsion point images and the use of starting elliptic curves with known endomorphism rings.",8,15.58,1,0,4,0.25,0.5,0.25,1.0,0.0,0.3333333333333333,0.0,6,0,1.0,0,1.0,0,0.7412260955003355,0
30,k30,q062,single,10,1,What technique can be used in a blockchain-IoT environment to obscure the information of the sender transferring coins?,Monero can be used to obscure the information of the sender transferring coins using ring signatures in a blockchain-IoT environment.,8,12.91,1,0,4,0.0,0.0,1.0,1.0,0.0,1.0,0.08333333333333333,3,0,1.0,0,0.6666666666666666,1,0.7452901501195406,1
30,k30,q063,single,10,1,What are the advantages and the main challenge of NV centers in diamond as a qubit technology?,"Advantages of NV centers in diamond as a qubit technology include long coherence times and the ability to operate at room temperature. The main challenge is scaling them to large, controllable registers due to the difficulty of precise and reliable manufacturing.",8,14.32,1,0,4,0.5,0.8333333333333333,0.5,1.0,1.0,1.0,0.25,4,1,0.75,1,1.0,0,0.8681405601003259,1
30,k30,q064,single,10,1,"Which physical effect was exploited in a 2019 jamming attack against QKD, and what was its impact?","In a 2019 jamming attack against QKD, the Faraday effect was exploited. This attack increased the quantum bit-error rate (QBER) by 7.6%, effectively halting key exchange.",8,14.54,1,0,4,0.5,0.8333333333333333,1.0,1.0,1.0,1.0,0.5,3,1,0.6666666666666666,1,0.6666666666666666,1,0.8788441562858332,1
30,k30,q065,single,20,1,"What scheme is proposed in 2022 for dynamically allocating key resources in QKD networks, and what technology is used to realize this scheme?","In 2022, a Dynamic-On-Demand Key Allocation (DDKA) scheme for QKD networks (QKDN) has been proposed. This scheme is realized using SDN technology.",8,12.12,1,0,4,0.25,1.0,1.0,1.0,1.0,0.8,0.16666666666666666,3,0,1.0,0,1.0,0,0.8665260151286215,1
30,k30,q066,single,30,1,"How is the trojan gate attack on quantum circuit models for 6G resource allocation constructed, and why is it stealthy?","The trojan gate attack on quantum circuit models for 6G resource allocation is constructed by integrating adversarial perturbation into subcircuits within regions of the model that have limited error detection capabilities. This makes it difficult to attribute errors to malicious interference, enhancing the stealthiness of the attack due to the natural presence of noise and decoherence in quantum systems.",8,14.97,1,0,4,0.25,1.0,0.5,1.0,1.0,1.0,0.16666666666666666,4,0,1.0,0,1.0,0,0.7547310547799354,1
30,k30,q067,single,20,1,"In the hybrid QNN and QSVM pipeline for real-time network traffic monitoring, what accuracies and alerting latency were achieved?","In the hybrid QNN and QSVM pipeline for real-time network traffic monitoring, the QNN achieved 96% accuracy, and the QSVM achieved 93% accuracy. The average alerting latency was near-instant at 10 ms.",8,14.53,1,0,4,0.25,1.0,1.0,1.0,1.0,0.75,0.08333333333333333,5,0,1.0,0,1.0,0,0.931582131872941,1
30,k30,q068,single,20,1,Why is quantum key distribution (QKD) considered provably secure against eavesdropping?,"Quantum key distribution (QKD) is considered provably secure against eavesdropping because it leverages the principles of quantum mechanics, specifically the Heisenberg uncertainty principle. Any eavesdropping attempt introduces measurable errors due to the disturbance of quantum states, which can be detected by the communicating parties. This ensures that the security of the key exchange is information-theoretic, meaning it is secure regardless of computational power.",8,15.29,1,0,4,0.75,0.9166666666666666,0.0,0.0,0.0,0.6666666666666666,0.6666666666666666,8,1,0.875,1,0.875,1,0.8234302935000956,1
30,k30,q082,single,10,1,"Under the Harvest-Now, Decrypt-Later (HNDL) model, what is the status of encrypted data transmitted or stored today without quantum resistance?","Under the Harvest-Now, Decrypt-Later (HNDL) model, encrypted data transmitted or stored today without quantum resistance faces certain retroactive decryption if quantum computers become powerful enough to break the current cryptographic schemes. This means that adversaries can collect and store this data now, waiting until future quantum capabilities allow for its decryption, posing a significant threat to the confidentiality of long-lived data.",8,15.34,1,0,4,0.75,0.8055555555555555,0.0,0.0,0.0,0.8,0.5833333333333334,3,0,1.0,0,1.0,0,0.726822495330425,1
30,k30,q092,single,30,1,"When should organizations begin post-quantum cryptography migration, and why is waiting for Q-Day an error?","Organizations should begin post-quantum cryptography migration now, ideally between 2025-2028, to complete before Q-Day (estimated around 2030 ± 5 years). Waiting for Q-Day is an error because it creates unnecessary risk, cost, and disruption. If Q-Day occurs before migration is complete, exposed data becomes immediately vulnerable.",8,15.19,1,0,4,0.75,0.8055555555555555,0.75,1.0,1.0,0.8571428571428571,0.25,7,1,0.8571428571428571,1,1.0,0,0.8052446986550956,1
30,k30,s001,single,10,1,"In variational quantum circuits, what name is given in quantum simulation to the approach that uses parametrized random circuits of varying depth?",I cannot find the answer in the provided documents.,8,12.46,1,1,4,0.25,0.5,0.0,0.0,0.0,0.5,0.0,0,0,,0,,0,0.0,0
30,k30,s002,single,20,1,"Which states are used in the Vacuum+Weak decoy-state method for quantum key distribution, and what do Alice and Bob gain by measuring the decoy states?","In the Vacuum+Weak decoy-state method for quantum key distribution, Alice uses vacuum states and weak decoy states along with standard BB84 states. By measuring the yields and QBER of these decoy states, Alice and Bob can obtain reliable bounds to detect eavesdropping attacks, surpassing prior art results and improving the security of their quantum key distribution system.",8,16.52,1,0,4,0.75,0.6388888888888888,1.0,1.0,1.0,0.6666666666666666,0.0,5,1,0.8,1,0.8,1,0.8848078461199536,1
30,k30,s004,single,20,1,"In Shor's quantum algorithm for discrete logarithms, with what probability is each good (c, d) pair generated, and what fraction of the possible c values belong to a good pair?","Each good (c, d) pair is generated with a probability of at least 1/(20q2). At least a twelfth of the possible c’s are in a good (c, d) pair.",8,15.74,1,0,4,0.5,1.0,0.5,1.0,1.0,1.0,0.08333333333333333,2,0,1.0,0,1.0,0,0.7911493409813121,1
30,k30,s005,single,20,1,"Why is it difficult to foresee the future applications of quantum computing, and what recent industry trend surprised many quantum researchers in academia?",I cannot find the answer in the provided documents.,8,11.23,1,1,4,0.25,0.3333333333333333,0.0,0.0,0.0,0.6666666666666666,0.16666666666666666,0,0,,0,,0,0.0,0
30,k30,s006,single,30,1,"In quantum public key distribution with polarized photons (BB84), how do Alice and Bob test for eavesdropping, and how are the remaining bits used?","In BB84, Alice and Bob test for eavesdropping by performing sifting on the remaining qubits after discarding those measured in different bases. They then use these sifted qubits to determine if an eavesdropper is present. If the quantum transmission has been undisturbed, Alice and Bob should agree on the bits encoded by these photons, which are used as the final secret key.",8,17.01,1,0,4,0.75,0.8055555555555555,0.25,1.0,0.0,0.8,0.0,5,0,1.0,0,0.8,1,0.7472285362232989,0
30,k30,s007,single,30,1,"How do local parameter-update optimizers for variational quantum algorithms work, and what has been proposed to speed up their convergence?",I cannot find the answer in the provided documents.,8,13.02,1,1,4,0.25,0.25,1.0,1.0,0.0,0.6666666666666666,0.08333333333333333,0,0,,0,,0,0.0,0
30,k30,m001,multihop,10,1,"How do concerns about harvest-now-decrypt-later (HNDL) attacks differ between security professionals and profit-motivated cybercriminals, and which kinds of data are considered prime targets for HNDL?","Concerns about HNDL attacks are more urgent for security professionals due to the long-term threat they pose, whereas profit-motivated cybercriminals might prioritize immediate returns over long-term data harvesting. Prime targets for HNDL include healthcare records and government classified data, which are highly sensitive and long-lived.",8,14.86,1,0,4,0.75,0.8055555555555555,0.25,0.0,0.0,0.5555555555555556,0.3333333333333333,7,2,0.7142857142857143,1,0.7142857142857143,1,0.8068152901678977,1
30,k30,m003,multihop,20,1,"What role does Quantum Random Number Generation (QRNG) play in quantum key distribution (QKD), and how far has QKD technology progressed toward real-world deployment?","Quantum Random Number Generation (QRNG) plays a crucial role in quantum key distribution (QKD) by providing truly unpredictable keys, essential for secure cryptographic solutions. QKD technology has progressed significantly, with real-world deployments like China’s 2,000-km Quantum Key Distribution network, though challenges remain in integrating QKD with legacy systems.",8,14.29,1,0,4,0.75,0.6388888888888888,0.25,0.0,0.5,0.6,0.6666666666666666,7,2,0.7142857142857143,1,0.5714285714285714,1,0.8115185436889435,1
30,k30,m005,multihop,30,1,"What is the status of CRYSTALS-Dilithium support in cryptographic libraries such as OpenSSL and Botan, and which industry players have adopted Dilithium?","OpenSSL does not support CRYSTALS-Dilithium. Botan supports CRYSTALS-Dilithium and has added implementations of both CRYSTALS-Kyber and CRYSTALS-Dilithium to its library. In the industry, NIST has selected Dilithium for standardization, and it is being considered for integration into TLS.",8,16.82,1,0,4,0.75,0.6388888888888888,0.75,0.0,0.0,0.3333333333333333,0.5,5,1,0.8,1,0.6,1,0.8081752708552914,0
30,k30,m027,multihop,10,1,"When do experts expect cryptographically relevant quantum computers (CRQCs) able to break 2048-bit RSA, and what post-quantum algorithms has NIST standardized in response?","Experts expect cryptographically relevant quantum computers (CRQCs) able to break 2048-bit RSA to be developed by the 2030s. In response, NIST has standardized post-quantum algorithms like Kyber, which is a lattice-based key encapsulation mechanism.",8,15.33,1,0,4,0.75,0.6388888888888888,0.75,1.0,0.5,0.5714285714285714,0.16666666666666666,6,3,0.5,1,0.5,1,0.8567590444621013,1
30,k30,m037,multihop,20,1,How do Quantum Gaussian Mixture Models (QGMMs) and Quantum Boltzmann Machines (QBMs) differ in how they represent probability distributions?,"Quantum Gaussian Mixture Models (QGMMs) represent probability distributions using quantum states, while Quantum Boltzmann Machines (QBMs) describe the target distribution as a quantum thermal state derived from a parameterized Hamiltonian. QBM uses quantum Hamiltonians to define energy functions and can capture correlations through quantum effects like superposition and entanglement, unlike classical Boltzmann Machines which rely on sampling methods.",8,16.15,1,0,4,0.5,0.5,0.75,1.0,0.5,0.875,0.4166666666666667,5,0,1.0,0,1.0,0,0.8528666676812273,1
30,k30,m043,multihop,30,1,"How has hybrid post-quantum key agreement been deployed in Chrome, and how do hybrid PQC deployments keep backward compatibility with parties that do not support it?","Hybrid post-quantum key agreement has been deployed in Chrome through the use of a hybrid X25519+Kyber key agreement, starting with Google's BoringSSL. This deployment ensures backward compatibility by using both classical and post-quantum algorithms in parallel, providing security even if both are broken. Hybrid approaches like this help maintain compatibility with parties that may not yet support PQC, offering a transitional solution.",8,15.92,1,0,4,0.5,0.5,0.5,0.0,0.5,0.5454545454545454,0.5,8,2,0.75,1,0.75,1,0.8383182374781541,1
30,k30,m046,multihop,20,1,What applications of Quantum Neural Networks (QNNs) do quantum machine learning surveys highlight in healthcare and in cybersecurity?,"In healthcare, QNNs are highlighted for merging precision medicine principles with quantum computing. In cybersecurity, QNNs are used for intrusion detection, achieving high accuracy in anomaly detection with near-instant alerting latency.",8,14.2,1,0,4,1.0,1.0,0.75,0.0,0.5,0.8888888888888888,0.5833333333333334,6,1,0.8333333333333334,1,0.6666666666666666,1,0.829092061064046,1
30,k30,m064,multihop,30,1,"Why do large post-quantum keys and signatures cause problems for 5G network slices and handovers, and how large is the handshake overhead of hash-based signature schemes?","Large post-quantum keys and signatures can cause problems for 5G network slices and handovers due to increased size of PQC handshake messages, which can exacerbate signaling congestion for mobility-related operations. The handshake overhead of hash-based signature schemes is larger compared to classical algorithms, as stated in the context.",8,15.02,1,0,4,0.25,0.25,0.5,0.0,0.0,0.5,0.25,4,1,0.75,1,0.25,1,0.8413791165830565,1
30,k30,m068,multihop,20,1,How does the Module-LWE problem underlying ML-KEM and ML-DSA relate to the basic Learning With Errors (LWE) problem in lattice-based cryptography?,"The Module-LWE problem is a variation of the LWE problem, which is central to lattice-based cryptography. Both problems rely on the computational hardness of solving noisy linear systems, with Module-LWE specifically defined over module lattices, making it the foundation for NIST’s standardized ML-KEM and ML-DSA schemes.",8,15.66,1,0,4,0.75,0.8055555555555555,0.5,1.0,1.0,1.0,0.8333333333333334,5,1,0.8,1,0.8,1,0.8286308495193913,1
30,k30,g001,multihop,30,1,"Why does Shor's algorithm threaten RSA and elliptic-curve cryptography while Grover's algorithm can be countered by larger symmetric keys, and how many noisy qubits do theoretical estimates say are needed to break 2048-bit RSA?","Shor's algorithm threatens RSA and elliptic-curve cryptography because it can efficiently factor large integers and compute discrete logarithms, respectively, whereas Grover's algorithm can be countered by doubling key sizes for symmetric ciphers. Theoretical estimates suggest that factoring a 2048-bit RSA modulus could require only about one million noisy qubits.",8,16.11,1,0,4,0.75,1.0,0.5,1.0,1.0,0.8181818181818182,0.75,4,1,0.75,1,1.0,0,0.8028926270640575,1
30,k30,g002,multihop,30,1,"How does Kyber compare with RSA in key exchange speed in practical deployment tests, and on which hard problem is Kyber's security based?","In practical deployment tests, Kyber outperforms RSA in key exchange speed. Kyber's security is based on the hardness of the Module-LWE problem, making it resistant to quantum attacks.",8,13.94,1,0,4,0.5,0.5,1.0,1.0,0.5,0.625,0.5833333333333334,3,0,1.0,0,0.3333333333333333,1,0.8198258665244343,1
30,k30,g003,multihop,30,1,"Why do Smart City and IoVT applications need 5G unlike traditional IoT applications, and what security consequences does the predicted growth of IoT devices have?","Smart Cities and IoVT applications require 5G due to their need for significantly higher throughput rates to deliver optimal user experiences, which traditional IoT applications do not demand. The predicted growth of IoT devices poses security challenges, necessitating that 5G-empowered IoT systems maintain standard security and meet requirements such as authentication, access control, confidentiality, integrity, privacy preservation, and trust management.",8,14.58,1,0,4,0.5,0.75,1.0,0.0,0.5,0.875,0.3333333333333333,5,0,1.0,0,0.8,1,0.8131413048585561,1
30,k30,g005,multihop,20,1,"What problem with encoding classical data into quantum states does the data re-uploading strategy address, and what accuracy did a hybrid model with quantum-enhanced embeddings achieve for botnet detection?",The data re-uploading strategy addresses optimization issues in encoding classical data into quantum states. A hybrid model with quantum-enhanced embeddings achieved up to 94.7% accuracy for botnet detection.,8,14.41,1,0,4,0.25,1.0,0.5,0.0,0.5,0.6,0.3333333333333333,2,0,1.0,0,1.0,0,0.7700410109203976,1
30,k30,g007,multihop,30,1,"Why are multivariate quadratic (MQ) cryptographic schemes considered quantum-resistant, what are they mainly used for, and what property makes a multivariate signature scheme suitable for authenticating edge nodes?","Multivariate quadratic (MQ) cryptographic schemes are considered quantum-resistant because no efficient classical or quantum algorithms are known for solving generic MQ systems. They are mainly used in digital signatures and public-key encryption. A multivariate signature scheme is suitable for authenticating edge nodes due to their resistance to quantum attacks, which is essential for long-term security in edge computing environments.",8,14.34,1,0,4,0.75,0.6388888888888888,0.25,0.0,0.5,0.5,0.4166666666666667,5,2,0.6,1,0.6,1,0.8296487576540276,1
30,k30,g011,multihop,20,1,"How many side-channel leakage points have been reported in Kyber's decryption procedure, and how did researchers use machine learning in a side-channel attack on a Kyber implementation?","Three side-channel leakage points have been reported in Kyber's decryption procedure. Researchers used machine learning techniques to extract encryption keys from Kyber implementations, as mentioned in the context.",8,14.54,1,0,4,0.5,0.8333333333333333,0.75,1.0,0.0,0.6,0.4166666666666667,2,0,1.0,0,0.5,1,0.8324156747241657,1
30,k30,g015,multihop,10,1,"How do Kyber's public key and Dilithium's signature sizes compare with classical ECC, and are these post-quantum schemes considered feasible and efficient enough for IoT and mainstream applications?","Kyber's public key is significantly larger than the classical ECC's public key, being approximately 1088 bytes compared to 32 bytes for P-256. Dilithium's signatures are much larger than ECDSA signatures but smaller than some alternatives like McEliece. Both Kyber and Dilithium are considered feasible and efficient enough for IoT and mainstream applications due to their favorable balance across security, performance, and ease of implementation. They are suitable for general-purpose deployment across various applications, including constrained environments or bandwidth-sensitive ones.",8,18.1,1,0,4,0.5,0.5,0.0,0.0,0.0,0.1,0.4166666666666667,11,6,0.45454545454545453,1,0.45454545454545453,1,0.814985738235709,1
30,k30,g016,multihop,20,1,"How does quantum secure direct communication (QSDC) differ from quantum key distribution (QKD), and which intercity networks illustrate the development of practical QKD networks?","Quantum Secure Direct Communication (QSDC) provides a comprehensive, confidential, and near-instantaneous solution compared to QKD, which is primarily concerned with the secure negotiation of cryptographic keys. The China’s 2,000-km Quantum Key Distribution network and the SwissQuantum QKD network illustrate the development of practical QKD networks.",8,14.35,1,0,4,0.25,0.3333333333333333,0.5,0.0,0.0,0.42857142857142855,0.3333333333333333,4,1,0.75,1,0.25,1,0.8199135276898408,1
30,k30,g019,multihop,20,1,"Why must the key storages of a QKD network be kept synchronized, and why does QKD still depend on classical cryptography in practice?","Key storages in QKD networks must be kept synchronized to maintain the security and integrity of the distributed keys. This synchronization ensures that all connected clients within a secure site can access the correct key material without conflicts. In practice, QKD still depends on classical cryptography because QKD links need to be bootstrapped with an initial authentication method, often involving pre-shared keys or classical public-key signatures, to authenticate the first quantum exchange.",8,14.82,1,0,4,0.5,0.75,1.0,1.0,0.5,1.0,0.5,7,1,0.8571428571428571,1,0.7142857142857143,1,0.8124590703720714,1
30,k30,g021,multihop,20,1,"How many power traces does the improved two-step side-channel attack need to recover Kyber's secret key, and what hardware efficiency cost does the hardware-friendly shuffling countermeasure for Kyber have?",I cannot find the answer in the provided documents.,8,14.18,1,1,4,0.5,0.41666666666666663,1.0,0.0,0.0,0.2857142857142857,0.0,0,0,,0,,0,0.0,0
30,k30,g026,multihop,30,1,"How does higher-order masking, used to protect Kyber implementations against side-channel attacks, split a sensitive variable into shares, and how does threshold secret sharing split a secret among participants?","Masking splits a sensitive variable into many partially randomized shares, with fifth-order masking involving the secret being split five times. Threshold secret sharing also divides a secret into shares, but it requires a threshold number of shares to reconstruct the secret, enhancing security by distributing the secret among participants.",8,15.03,1,0,4,0.0,0.0,0.75,0.0,0.0,0.8181818181818182,0.08333333333333333,9,2,0.7777777777777778,1,0.7777777777777778,1,0.7911885344097485,1
30,k30,g027,multihop,10,1,"How do the best reported quantum gate error rates compare with those of classical transistors, and what limitations did a quantum error correction demonstration with a Toffoli gate on superconducting qubits have?",I cannot find the answer in the provided documents.,8,12.47,1,1,4,0.25,1.0,0.25,0.0,0.5,0.5,0.16666666666666666,0,0,,0,,0,0.0,0
30,k30,g028,multihop,30,1,"What is the status of Kyber and Dilithium support in the MbedTLS and Crypto++ libraries, and why are Kyber and Dilithium considered suitable for general-purpose deployment?","MbedTLS plans to add Kyber and Dilithium, with Kyber (as ML-KEM) likely coming first due to its urgency. MbedTLS does not yet have these algorithms implemented but has strong intent to add them. Crypto++ does not include NIST PQC finalists in its mainline distribution as of version 8.9, but third-party forks have added CRYSTALS-Kyber and CRYSTALS-Dilithium. Kyber and Dilithium are considered suitable for general-purpose deployment due to their quantum-resistance and balanced efficiency, making them attractive for secure communication protocols like TLS.",8,20.05,1,0,4,0.75,0.9166666666666666,1.0,0.0,0.5,0.7142857142857143,0.5833333333333334,10,3,0.7,1,0.6,1,0.8116175008283112,1
30,k30,g030,multihop,30,1,"What is the primary threat-actor behavior before Q-Day, and why does the 'Cryptographic Time Paradox' make this behavior dangerous?","The primary threat-actor behavior before Q-Day is to accelerate their operations to take advantage of any window of insecurity. This behavior is dangerous due to the 'Cryptographic Time Paradox,' which suggests that while organizations are transitioning to post-quantum cryptography (PQC), data remains vulnerable during the transition period. Threat actors might 'store (harvest) now, decrypt later,' exploiting the interim period when both old and new cryptographic systems are in use.",8,14.53,1,0,4,0.75,0.9166666666666666,1.0,1.0,0.0,0.7142857142857143,0.5,4,1,0.75,1,0.75,1,0.7895364174880459,1
30,k30,g034,multihop,20,1,"How does the security basis of quantum cryptography differ from traditional encryption, what are the two main categories of QKD protocols, and what practical requirement distinguishes QKD from traditional key agreement?","The security basis of quantum cryptography, including QKD, relies on principles of quantum mechanics, whereas traditional encryption depends on the computational complexity of mathematical problems. The two main categories of QKD protocols are Continuous Variable (CV) and Discrete Variable (DV) QKDPs. A practical requirement distinguishing QKD from traditional key agreement is that QKD eliminates the need for cryptographic keys, instead using quantum states for secure key exchange.",8,15.42,1,0,4,0.25,0.3333333333333333,0.75,1.0,0.5,0.6666666666666666,0.6666666666666666,6,0,1.0,0,0.8333333333333334,1,0.8524761853117373,1
30,k30,g035,multihop,20,1,"Which quantum mechanisms allow Shor's algorithm to factor large integers efficiently, and why does this threaten RSA?","Shor's algorithm allows efficient factorization of large integers on a quantum computer by leveraging the Quantum Fourier Transform and polynomial time complexity, specifically 𝜃((𝑙𝑜𝑔𝑁)2(𝑙𝑜𝑔(𝑙𝑜𝑔𝑁))(𝑙𝑜𝑔(𝑙𝑜𝑔(𝑙𝑜𝑔𝑁)))), which is much faster than classical algorithms. This capability threatens RSA because RSA's security relies on the difficulty of integer factorization, and Shor's algorithm can break RSA encryption by efficiently factoring the large composite numbers used in RSA keys.",8,17.69,1,0,4,0.5,0.41666666666666663,0.0,0.0,0.0,0.5,0.4166666666666667,7,2,0.7142857142857143,1,0.5714285714285714,1,0.7656970957046942,1
30,k30,g037,multihop,30,1,"What does the security of SPHINCS+ (SLH-DSA) rely on compared with the other algorithms NIST selected, how does it achieve stateless operation, and which FIPS standards correspond to Kyber, Dilithium and SPHINCS+?","The security of SPHINCS+ (SLH-DSA) relies on the stateless approach and hash functions, distinguishing it from lattice-based algorithms like Dilithium and Kyber which depend on hard problems in lattice theory. SPHINCS+ achieves stateless operation by not requiring any state to be maintained between signature generations, making it more resilient to side-channel attacks. NIST has standardized Kyber, Dilithium, and SPHINCS+ under FIPS 203, 204, and 205, respectively.",8,18.86,1,0,4,0.0,0.0,0.25,0.0,0.0,0.4444444444444444,0.4166666666666667,4,1,0.75,1,0.75,1,0.7623739023751557,1
30,k30,g039,multihop,20,1,"On what is the security of quantum key distribution (QKD) based, why are practical QKD experiments with attenuated lasers potentially insecure, and how can quantum machine learning help detect eavesdroppers?","The security of QKD is based on the principles of quantum mechanics, offering information-theoretic security. Practical QKD experiments with highly attenuated lasers can be insecure due to the potential for generating multi-photon signals, which can be exploited by eavesdroppers. Quantum machine learning can help detect eavesdroppers by enhancing eavesdropping detection capabilities and optimizing security analysis in QKD protocols.",8,16.09,1,0,4,0.75,0.6388888888888888,1.0,0.0,0.5,1.0,0.5,7,2,0.7142857142857143,1,0.8571428571428571,1,0.7807964940998317,1
30,k30,g040,multihop,30,1,"What speed-up does an FPGA accelerator with an optimized Number Theoretic Transform (NTT) achieve for Kyber, and why is polynomial multiplication in Kyber computed in the NTT domain?","FPGA implementations of Kyber have shown significant speedups for polynomial multiplication, among other operations. Specifically, Kyber's polynomial multiplications are computed in the NTT domain to reduce computational complexity from O(n²) to O(n·logn), significantly improving the speed of the entire encryption and decryption process.",8,17.02,1,0,4,0.5,0.5833333333333333,0.5,0.0,0.5,0.7142857142857143,0.4166666666666667,4,0,1.0,0,1.0,0,0.8337261897835976,1
30,k30,g042,multihop,10,1,"How do quantum generative adversarial networks (QGANs) work, and how does EQGAN improve their training?","QGANs work by implementing GANs using quantum circuits or hybrid quantum-classical architectures, leveraging quantum advantages for more efficient training and better representation of complex probability distributions. EQGAN improves QGAN training by enhancing performance and stability, achieving faster and more stable training compared to standard QGANs.",8,13.83,1,0,4,0.5,0.5833333333333333,0.75,0.0,0.0,0.5454545454545454,0.0,7,1,0.8571428571428571,1,0.42857142857142855,1,0.7806896765523602,1
30,k30,g043,multihop,20,1,"What reasons suggest that quantum computers can outperform classical computers, and what role does the precision of quantum state manipulation play?","Quantum computers can outperform classical computers due to their ability to handle multiple calculations simultaneously using quantum states, whereas classical computers operate on classical bits. The precision in quantum state manipulation, while currently dictated by the properties of materials and architecture, could theoretically allow quantum computers to solve problems more efficiently than classical computers if the precision is high enough. However, the exact precision required for quantum computers to outperform classical ones is not yet clear.",8,15.33,1,0,4,0.75,0.8055555555555555,1.0,1.0,0.5,0.8333333333333334,0.0,5,1,0.8,1,0.8,1,0.8197230848481528,1
30,k30,g044,multihop,30,1,"Why are variational quantum algorithms (VQAs) considered the leading strategy for NISQ devices, which constraints must they account for, and why does improving gate accuracy matter for near-term platforms?","Variational quantum algorithms (VQAs) are considered the leading strategy for NISQ devices because they can operate with the limited qubits and noisy environment of current quantum hardware, leveraging classical optimization techniques. They must account for constraints such as limited numbers of qubits, limited connectivity, and coherent and incoherent errors that limit quantum circuit depth. Improving gate accuracy matters for near-term platforms because it directly impacts the reliability and performance of VQAs, enabling more complex and accurate computations on NISQ devices.",8,16.85,1,0,4,0.75,1.0,1.0,0.0,0.5,0.7,0.5,12,3,0.75,1,0.75,1,0.861279681214449,1
30,k30,g045,multihop,30,1,"What error rate does an eavesdropper who measures and resends all photons in the rectilinear basis induce in BB84, and which two sources contribute to detection events in decoy-state QKD?",An eavesdropper who measures and resends all photons in the rectilinear basis induces a 1/4 error rate in BB84. Decoy-state QKD detection events are contributed to by statistical anomalies due to interweaving different intensities and by re-measuring the photons in their original basis.,8,16.79,1,0,4,0.25,0.25,0.25,0.0,0.5,0.6666666666666666,0.25,4,1,0.75,1,0.75,1,0.8079597862553506,0
30,k30,g046,multihop,30,1,"How has research on quantum machine learning for quantum key distribution evolved, and what risk do QML-based applications themselves face in 6G networks?","Research on quantum machine learning for quantum key distribution has integrated ML with QKD protocols to enhance security. However, QML-based applications in 6G networks face adversarial attacks, which can target QML algorithms and core functions.",8,14.17,1,0,4,0.5,0.41666666666666663,0.25,0.0,0.0,0.6,0.4166666666666667,4,0,1.0,0,1.0,0,0.8598408494581866,1
30,k30,g048,multihop,20,1,"How are variational quantum classifiers (VQCs) used for cyberattack detection, and why are variational quantum circuits the most common architecture for QGANs?","Variational Quantum Circuits (VQCs) are used for cyberattack detection in VQC-based frameworks that excel in both supervised and unsupervised settings, as highlighted in the context of Quantum Machine Learning for Cybersecurity. VQCs are the most common architecture for QGANs due to their flexibility and trainability, as noted in the survey of Quantum Generative Adversarial Networks.",8,15.59,1,0,4,0.25,0.5,1.0,1.0,0.5,0.75,0.5,7,0,1.0,0,0.8571428571428571,1,0.8361434298674274,1
30,k30,g050,multihop,30,1,"How are the generator and discriminator of quantum GANs trained, and how are the gradients obtained?","In QGANs, gradients are typically estimated using the parameter-shift rule or stochastic approximation, and optimization is performed via classical algorithms. The generator and discriminator are trained in an adversarial process, with the generator aiming to produce realistic quantum states and the discriminator learning to distinguish real from fake data.",8,14.85,1,0,4,0.75,0.6388888888888888,0.5,0.0,0.5,0.875,0.5,5,1,0.8,1,0.8,1,0.7459485663383753,1
30,k30,u001,unanswerable,0,0,Which company acquired the deception technology vendor Illusive Networks in 2022?,I cannot find the answer in the provided documents.,8,11.56,1,1,4,,,,,,,,0,0,,0,,0,0.0,1
30,k30,u002,unanswerable,0,0,Which Suricata rule keyword is used to match the TLS Server Name Indication (SNI) field?,I cannot find the answer in the provided documents.,8,11.93,1,1,4,,,,,,,,0,0,,0,,0,0.0,1
30,k30,u003,unanswerable,0,0,What packet-processing throughput did Facebook's Katran XDP-based layer-4 load balancer achieve?,I cannot find the answer in the provided documents.,8,12.42,1,1,4,,,,,,,,0,0,,0,,0,0.0,1
30,k30,u004,unanswerable,0,0,How many qubits does Google's Willow quantum processor have?,I cannot find the answer in the provided documents.,8,13.02,1,1,4,,,,,,,,0,0,,0,,0,0.0,1
30,k30,u006,unanswerable,0,0,How many artificial neurons does Intel's Hala Point neuromorphic system contain?,I cannot find the answer in the provided documents.,8,11.89,1,1,4,,,,,,,,0,0,,0,,0,0.0,1
30,k30,u007,unanswerable,0,0,What bit-width does the KIVI method use to quantize the key and value cache of large language models?,I cannot find the answer in the provided documents.,8,11.26,1,1,4,,,,,,,,0,0,,0,,0,0.0,1
30,k30,u008,unanswerable,0,0,Which community detection algorithm does Microsoft's GraphRAG use to build its hierarchy of entity communities?,I cannot find the answer in the provided documents.,8,11.24,1,1,4,,,,,,,,0,0,,0,,0,0.0,1
30,k30,u009,unanswerable,0,0,What is the name of the password-authenticated key exchange (also called Dragonfly) used by WPA3-Personal?,I cannot find the answer in the provided documents.,8,11.94,1,1,4,,,,,,,,0,0,,0,,0,0.0,1
30,k30,u010,unanswerable,0,0,How much ransom did Colonial Pipeline pay to the DarkSide ransomware group in 2021?,I cannot find the answer in the provided documents.,8,11.09,1,1,4,,,,,,,,0,0,,0,,0,0.0,1
30,k30,u011,unanswerable,0,0,What was the peak bandwidth of the 2016 Mirai botnet DDoS attack against the hosting provider OVH?,I cannot find the answer in the provided documents.,8,11.9,1,1,4,,,,,,,,0,0,,0,,0,0.0,1
30,k30,u012,unanswerable,0,0,What is the default block size of the Hadoop Distributed File System (HDFS)?,I cannot find the answer in the provided documents.,8,11.24,1,1,4,,,,,,,,0,0,,0,,0,0.0,1
30,k30,u013,unanswerable,0,0,Which IETF RFC number specifies version 1.3 of the TLS protocol?,I cannot find the answer in the provided documents.,8,11.96,1,1,4,,,,,,,,0,0,,0,,0,0.0,1
30,k30,u014,unanswerable,0,0,Which TCP port does the Modbus/TCP industrial control protocol use by default?,I cannot find the answer in the provided documents.,8,10.25,1,1,4,,,,,,,,0,0,,0,,0,0.0,1
30,k30,u015,unanswerable,0,0,How many uranium enrichment centrifuges at Natanz are estimated to have been destroyed by the Stuxnet worm?,I cannot find the answer in the provided documents.,8,13.65,1,1,4,,,,,,,,0,0,,0,,0,0.0,1
30,k30,u016,unanswerable,0,0,Which CVE identifier was assigned to the Bash vulnerability known as Shellshock?,I cannot find the answer in the provided documents.,8,13.23,1,1,4,,,,,,,,0,0,,0,,0,0.0,1
30,k30,u017,unanswerable,0,0,How many neural processing units does BrainChip's Akida neuromorphic processor contain?,I cannot find the answer in the provided documents.,8,12.33,1,1,4,,,,,,,,0,0,,0,,0,0.0,1
30,k30,u018,unanswerable,0,0,Which tool is commonly used by attackers to dump plaintext credentials from the LSASS process memory on Windows?,I cannot find the answer in the provided documents.,8,13.11,1,1,4,,,,,,,,0,0,,0,,0,0.0,1
30,k30,u019,unanswerable,0,0,What kind of data structure does the BloodHound tool build to reveal attack paths in Active Directory?,I cannot find the answer in the provided documents.,8,11.45,1,1,4,,,,,,,,0,0,,0,,0,0.0,1
30,k30,u020,unanswerable,0,0,What scripting language does the Zeek (formerly Bro) network security monitor use for its policy scripts?,I cannot find the answer in the provided documents.,8,13.05,1,1,4,,,,,,,,0,0,,0,,0,0.0,1
30,k30,u021,unanswerable,0,0,How many electrodes does the Neuralink N1 brain implant have?,I cannot find the answer in the provided documents.,8,12.4,1,1,4,,,,,,,,0,0,,0,,0,0.0,1
30,k30,u022,unanswerable,0,0,Approximately how many computers in how many countries were infected by the WannaCry ransomware in May 2017?,I cannot find the answer in the provided documents.,8,11.31,1,1,4,,,,,,,,0,0,,0,,0,0.0,1
30,k30,u023,unanswerable,0,0,What is the half-life of the carbon-14 isotope?,I cannot find the answer in the provided documents.,8,10.85,1,1,4,,,,,,,,0,0,,0,,0,0.0,1
30,k30,u024,unanswerable,0,0,Which country won the 2022 FIFA World Cup?,I cannot find the answer in the provided documents.,8,10.85,1,1,4,,,,,,,,0,0,,0,,0,0.0,1
